time_period,period2,la_name,new_la_code,headcount
201516,2015-16,Derbyshire,E10000007,8674
201516,2015-16,Derby,E06000015,3280
201516,2015-16,Leicestershire,E10000018,7834
201516,2015-16,Leicester,E06000016,4595
201516,2015-16,Rutland,E06000017,406
201516,2015-16,Nottinghamshire,E10000024,9649
201516,2015-16,Nottingham,E06000018,3718
201516,2015-16,Lincolnshire,E10000019,8030
201516,2015-16,Northamptonshire,E10000021,9242
201516,2015-16,Luton,E06000032,3341
201516,2015-16,Bedford,E06000055,2225
201516,2015-16,Central Bedfordshire,E06000056,3646
201516,2015-16,Cambridgeshire,E10000003,7532
201516,2015-16,Peterborough,E06000031,2978
201516,2015-16,Essex,E10000012,16759
201516,2015-16,Southend-on-Sea,E06000033,2190
201516,2015-16,Thurrock,E06000034,2458
201516,2015-16,Hertfordshire,E10000015,14884
201516,2015-16,Norfolk,E10000020,9387
201516,2015-16,Suffolk,E10000029,8157
201516,2015-16,City of London,E09000001,30
201516,2015-16,Camden,E09000007,1714
201516,2015-16,Greenwich,E09000011,3684
201516,2015-16,Hackney,E09000012,2805
201516,2015-16,Hammersmith and Fulham,E09000013,1436
201516,2015-16,Islington,E09000019,2066
201516,2015-16,Kensington and Chelsea,E09000020,974
201516,2015-16,Lambeth,E09000022,3051
201516,2015-16,Lewisham,E09000023,3554
201516,2015-16,Southwark,E09000028,3520
201516,2015-16,Tower Hamlets,E09000030,3376
201516,2015-16,Wandsworth,E09000032,2911
201516,2015-16,Westminster,E09000033,1491
201516,2015-16,Barking and Dagenham,E09000002,3499
201516,2015-16,Barnet,E09000003,4271
201516,2015-16,Bexley,E09000004,3181
201516,2015-16,Brent,E09000005,3804
201516,2015-16,Bromley,E09000006,4077
201516,2015-16,Croydon,E09000008,4819
201516,2015-16,Ealing,E09000009,4540
201516,2015-16,Enfield,E09000010,4476
201516,2015-16,Haringey,E09000014,3166
201516,2015-16,Harrow,E09000015,3052
201516,2015-16,Havering,E09000016,3188
201516,2015-16,Hillingdon,E09000017,4166
201516,2015-16,Hounslow,E09000018,3342
201516,2015-16,Kingston upon Thames,E09000021,1998
201516,2015-16,Merton,E09000024,2628
201516,2015-16,Newham,E09000025,4810
201516,2015-16,Redbridge,E09000026,3919
201516,2015-16,Richmond upon Thames,E09000027,2543
201516,2015-16,Sutton,E09000029,2544
201516,2015-16,Waltham Forest,E09000031,3591
201516,2015-16,Gateshead,E08000037,2246
201516,2015-16,Newcastle upon Tyne,E08000021,3231
201516,2015-16,North Tyneside,E08000022,2298
201516,2015-16,South Tyneside,E08000023,1639
201516,2015-16,Sunderland,E08000024,3098
201516,2015-16,Hartlepool,E06000001,1207
201516,2015-16,Middlesbrough,E06000002,2025
201516,2015-16,Redcar and Cleveland,E06000003,1655
201516,2015-16,Stockton-on-Tees,E06000004,2517
201516,2015-16,County Durham,E06000047,5713
201516,2015-16,Darlington,E06000005,1239
201516,2015-16,Northumberland,E06000057,3050
201516,2015-16,Knowsley,E08000011,1877
201516,2015-16,Liverpool,E08000012,5280
201516,2015-16,St. Helens,E08000013,2100
201516,2015-16,Sefton,E08000014,3070
201516,2015-16,Wirral,E08000015,3722
201516,2015-16,Bolton,E08000001,3796
201516,2015-16,Bury,E08000002,2422
201516,2015-16,Manchester,E08000003,6988
201516,2015-16,Oldham,E08000004,3449
201516,2015-16,Rochdale,E08000005,2941
201516,2015-16,Salford,E08000006,3254
201516,2015-16,Stockport,E08000007,3533
201516,2015-16,Tameside,E08000008,3002
201516,2015-16,Trafford,E08000009,3045
201516,2015-16,Wigan,E08000010,3897
201516,2015-16,Halton,E06000006,1451
201516,2015-16,Warrington,E06000007,2592
201516,2015-16,Lancashire,E10000017,14105
201516,2015-16,Blackburn with Darwen,E06000008,2169
201516,2015-16,Blackpool,E06000009,1571
201516,2015-16,Cheshire East,E06000049,4216
201516,2015-16,Cheshire West and Chester,E06000050,3873
201516,2015-16,Cumbria,E10000006,5114
201516,2015-16,Buckinghamshire,E06000060,6375
201516,2015-16,Milton Keynes,E06000042,3960
201516,2015-16,East Sussex,E10000011,5521
201516,2015-16,Brighton and Hove,E06000043,2762
201516,2015-16,Hampshire,E10000014,15573
201516,2015-16,Portsmouth,E06000044,2307
201516,2015-16,Southampton,E06000045,3189
201516,2015-16,Bracknell Forest,E06000036,1453
201516,2015-16,Windsor and Maidenhead,E06000040,1656
201516,2015-16,West Berkshire,E06000037,2029
201516,2015-16,Reading,E06000038,1992
201516,2015-16,Slough,E06000039,2456
201516,2015-16,Wokingham,E06000041,2085
201516,2015-16,Kent,E10000016,17722
201516,2015-16,Medway,E06000035,3577
201516,2015-16,Isle of Wight,E06000046,1315
201516,2015-16,Oxfordshire,E10000025,7842
201516,2015-16,Surrey,E10000030,13424
201516,2015-16,West Sussex,E10000032,9394
201516,2015-16,Bath and North East Somerset,E06000022,1903
201516,2015-16,"Bristol, City of",E06000023,5335
201516,2015-16,North Somerset,E06000024,2499
201516,2015-16,South Gloucestershire,E06000025,3284
201516,2015-16,Dorset,E10000009,3990
201516,2015-16,Poole,E06000029,1654
201516,2015-16,Bournemouth,E06000028,1813
201516,2015-16,Wiltshire,E06000054,5702
201516,2015-16,Swindon,E06000030,2879
201516,2015-16,Devon,E10000008,7942
201516,2015-16,Plymouth,E06000026,3035
201516,2015-16,Torbay,E06000027,1440
201516,2015-16,Cornwall,E06000052,5989
201516,2015-16,Gloucestershire,E10000013,6819
201516,2015-16,Somerset,E10000027,5834
201516,2015-16,Birmingham,E08000025,15712
201516,2015-16,Coventry,E08000026,4508
201516,2015-16,Dudley,E08000027,3825
201516,2015-16,Sandwell,E08000028,4802
201516,2015-16,Solihull,E08000029,2836
201516,2015-16,Walsall,E08000030,3732
201516,2015-16,Wolverhampton,E08000031,3486
201516,2015-16,Staffordshire,E10000028,9521
201516,2015-16,Stoke-on-Trent,E06000021,3386
201516,2015-16,"Herefordshire, County of",E06000019,1946
201516,2015-16,Worcestershire,E10000034,6284
201516,2015-16,Shropshire,E06000051,2860
201516,2015-16,Telford and Wrekin,E06000020,2305
201516,2015-16,Warwickshire,E10000031,6491
201516,2015-16,Barnsley,E08000016,2915
201516,2015-16,Doncaster,E08000017,3875
201516,2015-16,Rotherham,E08000018,3279
201516,2015-16,Sheffield,E08000019,6240
201516,2015-16,Bradford,E08000032,7684
201516,2015-16,Calderdale,E08000033,2659
201516,2015-16,Kirklees,E08000034,5486
201516,2015-16,Leeds,E08000035,9771
201516,2015-16,Wakefield,E08000036,4138
201516,2015-16,"Kingston upon Hull, City of",E06000010,3413
201516,2015-16,East Riding of Yorkshire,E06000011,3392
201516,2015-16,North East Lincolnshire,E06000012,1975
201516,2015-16,North Lincolnshire,E06000013,1950
201516,2015-16,North Yorkshire,E10000023,6196
201516,2015-16,York,E06000014,1998
201617,2016-17,Derbyshire,E10000007,8625
201617,2016-17,Derby,E06000015,3415
201617,2016-17,Leicestershire,E10000018,7804
201617,2016-17,Leicester,E06000016,4670
201617,2016-17,Rutland,E06000017,401
201617,2016-17,Nottinghamshire,E10000024,9695
201617,2016-17,Nottingham,E06000018,3679
201617,2016-17,Lincolnshire,E10000019,8038
201617,2016-17,Northamptonshire,E10000021,9262
201617,2016-17,Luton,E06000032,3309
201617,2016-17,Bedford,E06000055,2246
201617,2016-17,Central Bedfordshire,E06000056,3608
201617,2016-17,Cambridgeshire,E10000003,7512
201617,2016-17,Peterborough,E06000031,3067
201617,2016-17,Essex,E10000012,16924
201617,2016-17,Southend-on-Sea,E06000033,2127
201617,2016-17,Thurrock,E06000034,2520
201617,2016-17,Hertfordshire,E10000015,14678
201617,2016-17,Norfolk,E10000020,9557
201617,2016-17,Suffolk,E10000029,8198
201617,2016-17,City of London,E09000001,60
201617,2016-17,Camden,E09000007,1595
201617,2016-17,Greenwich,E09000011,3596
201617,2016-17,Hackney,E09000012,2757
201617,2016-17,Hammersmith and Fulham,E09000013,1430
201617,2016-17,Islington,E09000019,1968
201617,2016-17,Kensington and Chelsea,E09000020,963
201617,2016-17,Lambeth,E09000022,2949
201617,2016-17,Lewisham,E09000023,3422
201617,2016-17,Southwark,E09000028,3450
201617,2016-17,Tower Hamlets,E09000030,3481
201617,2016-17,Wandsworth,E09000032,2995
201617,2016-17,Westminster,E09000033,1353
201617,2016-17,Barking and Dagenham,E09000002,3554
201617,2016-17,Barnet,E09000003,4329
201617,2016-17,Bexley,E09000004,3144
201617,2016-17,Brent,E09000005,3688
201617,2016-17,Bromley,E09000006,4000
201617,2016-17,Croydon,E09000008,4840
201617,2016-17,Ealing,E09000009,4426
201617,2016-17,Enfield,E09000010,4431
201617,2016-17,Haringey,E09000014,3025
201617,2016-17,Harrow,E09000015,3007
201617,2016-17,Havering,E09000016,3286
201617,2016-17,Hillingdon,E09000017,4098
201617,2016-17,Hounslow,E09000018,3443
201617,2016-17,Kingston upon Thames,E09000021,1978
201617,2016-17,Merton,E09000024,2519
201617,2016-17,Newham,E09000025,4791
201617,2016-17,Redbridge,E09000026,4040
201617,2016-17,Richmond upon Thames,E09000027,2537
201617,2016-17,Sutton,E09000029,2599
201617,2016-17,Waltham Forest,E09000031,3620
201617,2016-17,Gateshead,E08000037,2163
201617,2016-17,Newcastle upon Tyne,E08000021,3164
201617,2016-17,North Tyneside,E08000022,2209
201617,2016-17,South Tyneside,E08000023,1709
201617,2016-17,Sunderland,E08000024,3132
201617,2016-17,Hartlepool,E06000001,1184
201617,2016-17,Middlesbrough,E06000002,1939
201617,2016-17,Redcar and Cleveland,E06000003,1707
201617,2016-17,Stockton-on-Tees,E06000004,2507
201617,2016-17,County Durham,E06000047,5589
201617,2016-17,Darlington,E06000005,1258
201617,2016-17,Northumberland,E06000057,3177
201617,2016-17,Knowsley,E08000011,1928
201617,2016-17,Liverpool,E08000012,5519
201617,2016-17,St. Helens,E08000013,2146
201617,2016-17,Sefton,E08000014,2964
201617,2016-17,Wirral,E08000015,3826
201617,2016-17,Bolton,E08000001,4041
201617,2016-17,Bury,E08000002,2446
201617,2016-17,Manchester,E08000003,6992
201617,2016-17,Oldham,E08000004,3329
201617,2016-17,Rochdale,E08000005,3047
201617,2016-17,Salford,E08000006,3176
201617,2016-17,Stockport,E08000007,3594
201617,2016-17,Tameside,E08000008,3066
201617,2016-17,Trafford,E08000009,3074
201617,2016-17,Wigan,E08000010,3785
201617,2016-17,Halton,E06000006,1494
201617,2016-17,Warrington,E06000007,2585
201617,2016-17,Lancashire,E10000017,13933
201617,2016-17,Blackburn with Darwen,E06000008,2159
201617,2016-17,Blackpool,E06000009,1638
201617,2016-17,Cheshire East,E06000049,4249
201617,2016-17,Cheshire West and Chester,E06000050,3892
201617,2016-17,Cumbria,E10000006,5023
201617,2016-17,Buckinghamshire,E06000060,6332
201617,2016-17,Milton Keynes,E06000042,3802
201617,2016-17,East Sussex,E10000011,5458
201617,2016-17,Brighton and Hove,E06000043,2729
201617,2016-17,Hampshire,E10000014,15699
201617,2016-17,Portsmouth,E06000044,2359
201617,2016-17,Southampton,E06000045,3025
201617,2016-17,Bracknell Forest,E06000036,1494
201617,2016-17,Windsor and Maidenhead,E06000040,1673
201617,2016-17,West Berkshire,E06000037,1948
201617,2016-17,Reading,E06000038,2010
201617,2016-17,Slough,E06000039,2447
201617,2016-17,Wokingham,E06000041,2171
201617,2016-17,Kent,E10000016,18178
201617,2016-17,Medway,E06000035,3573
201617,2016-17,Isle of Wight,E06000046,1346
201617,2016-17,Oxfordshire,E10000025,7578
201617,2016-17,Surrey,E10000030,13423
201617,2016-17,West Sussex,E10000032,9481
201617,2016-17,Bath and North East Somerset,E06000022,1871
201617,2016-17,"Bristol, City of",E06000023,5385
201617,2016-17,North Somerset,E06000024,2445
201617,2016-17,South Gloucestershire,E06000025,3347
201617,2016-17,Dorset,E10000009,3984
201617,2016-17,Poole,E06000029,1661
201617,2016-17,Bournemouth,E06000028,1805
201617,2016-17,Wiltshire,E06000054,5572
201617,2016-17,Swindon,E06000030,2983
201617,2016-17,Devon,E10000008,7922
201617,2016-17,Plymouth,E06000026,3059
201617,2016-17,Torbay,E06000027,1440
201617,2016-17,Cornwall,E06000052,6009
201617,2016-17,Gloucestershire,E10000013,6941
201617,2016-17,Somerset,E10000027,5805
201617,2016-17,Birmingham,E08000025,15721
201617,2016-17,Coventry,E08000026,4489
201617,2016-17,Dudley,E08000027,3986
201617,2016-17,Sandwell,E08000028,4926
201617,2016-17,Solihull,E08000029,2833
201617,2016-17,Walsall,E08000030,3770
201617,2016-17,Wolverhampton,E08000031,3424
201617,2016-17,Staffordshire,E10000028,9468
201617,2016-17,Stoke-on-Trent,E06000021,3321
201617,2016-17,"Herefordshire, County of",E06000019,1875
201617,2016-17,Worcestershire,E10000034,6494
201617,2016-17,Shropshire,E06000051,2948
201617,2016-17,Telford and Wrekin,E06000020,2259
201617,2016-17,Warwickshire,E10000031,6439
201617,2016-17,Barnsley,E08000016,2931
201617,2016-17,Doncaster,E08000017,3696
201617,2016-17,Rotherham,E08000018,3367
201617,2016-17,Sheffield,E08000019,6380
201617,2016-17,Bradford,E08000032,7518
201617,2016-17,Calderdale,E08000033,2765
201617,2016-17,Kirklees,E08000034,5299
201617,2016-17,Leeds,E08000035,10069
201617,2016-17,Wakefield,E08000036,4156
201617,2016-17,"Kingston upon Hull, City of",E06000010,3586
201617,2016-17,East Riding of Yorkshire,E06000011,3630
201617,2016-17,North East Lincolnshire,E06000012,1972
201617,2016-17,North Lincolnshire,E06000013,1979
201617,2016-17,North Yorkshire,E10000023,6128
201617,2016-17,York,E06000014,1970
201718,2017-18,Derbyshire,E10000007,8283
201718,2017-18,Derby,E06000015,3301
201718,2017-18,Leicestershire,E10000018,7695
201718,2017-18,Leicester,E06000016,4557
201718,2017-18,Rutland,E06000017,397
201718,2017-18,Nottinghamshire,E10000024,9338
201718,2017-18,Nottingham,E06000018,3672
201718,2017-18,Lincolnshire,E10000019,7698
201718,2017-18,Northamptonshire,E10000021,9090
201718,2017-18,Luton,E06000032,3180
201718,2017-18,Bedford,E06000055,2215
201718,2017-18,Central Bedfordshire,E06000056,3646
201718,2017-18,Cambridgeshire,E10000003,7318
201718,2017-18,Peterborough,E06000031,3035
201718,2017-18,Essex,E10000012,16726
201718,2017-18,Southend-on-Sea,E06000033,2108
201718,2017-18,Thurrock,E06000034,2420
201718,2017-18,Hertfordshire,E10000015,14216
201718,2017-18,Norfolk,E10000020,9272
201718,2017-18,Suffolk,E10000029,7885
201718,2017-18,City of London,E09000001,31
201718,2017-18,Camden,E09000007,1534
201718,2017-18,Greenwich,E09000011,3615
201718,2017-18,Hackney,E09000012,2635
201718,2017-18,Hammersmith and Fulham,E09000013,1364
201718,2017-18,Islington,E09000019,1950
201718,2017-18,Kensington and Chelsea,E09000020,975
201718,2017-18,Lambeth,E09000022,2916
201718,2017-18,Lewisham,E09000023,3424
201718,2017-18,Southwark,E09000028,3275
201718,2017-18,Tower Hamlets,E09000030,3302
201718,2017-18,Wandsworth,E09000032,2895
201718,2017-18,Westminster,E09000033,1290
201718,2017-18,Barking and Dagenham,E09000002,3378
201718,2017-18,Barnet,E09000003,4121
201718,2017-18,Bexley,E09000004,2972
201718,2017-18,Brent,E09000005,3588
201718,2017-18,Bromley,E09000006,3940
201718,2017-18,Croydon,E09000008,4588
201718,2017-18,Ealing,E09000009,4220
201718,2017-18,Enfield,E09000010,4226
201718,2017-18,Haringey,E09000014,2942
201718,2017-18,Harrow,E09000015,3102
201718,2017-18,Havering,E09000016,3298
201718,2017-18,Hillingdon,E09000017,3900
201718,2017-18,Hounslow,E09000018,3382
201718,2017-18,Kingston upon Thames,E09000021,1942
201718,2017-18,Merton,E09000024,2437
201718,2017-18,Newham,E09000025,4659
201718,2017-18,Redbridge,E09000026,3879
201718,2017-18,Richmond upon Thames,E09000027,2460
201718,2017-18,Sutton,E09000029,2504
201718,2017-18,Waltham Forest,E09000031,3502
201718,2017-18,Gateshead,E08000037,2096
201718,2017-18,Newcastle upon Tyne,E08000021,3151
201718,2017-18,North Tyneside,E08000022,2220
201718,2017-18,South Tyneside,E08000023,1660
201718,2017-18,Sunderland,E08000024,2868
201718,2017-18,Hartlepool,E06000001,1076
201718,2017-18,Middlesbrough,E06000002,2008
201718,2017-18,Redcar and Cleveland,E06000003,1602
201718,2017-18,Stockton-on-Tees,E06000004,2441
201718,2017-18,County Durham,E06000047,5576
201718,2017-18,Darlington,E06000005,1212
201718,2017-18,Northumberland,E06000057,2986
201718,2017-18,Knowsley,E08000011,1869
201718,2017-18,Liverpool,E08000012,5225
201718,2017-18,St. Helens,E08000013,2098
201718,2017-18,Sefton,E08000014,2978
201718,2017-18,Wirral,E08000015,3565
201718,2017-18,Bolton,E08000001,3837
201718,2017-18,Bury,E08000002,2364
201718,2017-18,Manchester,E08000003,7101
201718,2017-18,Oldham,E08000004,3442
201718,2017-18,Rochdale,E08000005,3041
201718,2017-18,Salford,E08000006,3152
201718,2017-18,Stockport,E08000007,3524
201718,2017-18,Tameside,E08000008,2998
201718,2017-18,Trafford,E08000009,2881
201718,2017-18,Wigan,E08000010,3691
201718,2017-18,Halton,E06000006,1494
201718,2017-18,Warrington,E06000007,2519
201718,2017-18,Lancashire,E10000017,13840
201718,2017-18,Blackburn with Darwen,E06000008,2090
201718,2017-18,Blackpool,E06000009,1569
201718,2017-18,Cheshire East,E06000049,3987
201718,2017-18,Cheshire West and Chester,E06000050,3821
201718,2017-18,Cumbria,E10000006,5007
201718,2017-18,Buckinghamshire,E06000060,6124
201718,2017-18,Milton Keynes,E06000042,3757
201718,2017-18,East Sussex,E10000011,5356
201718,2017-18,Brighton and Hove,E06000043,2590
201718,2017-18,Hampshire,E10000014,15049
201718,2017-18,Portsmouth,E06000044,2401
201718,2017-18,Southampton,E06000045,2885
201718,2017-18,Bracknell Forest,E06000036,1422
201718,2017-18,Windsor and Maidenhead,E06000040,1587
201718,2017-18,West Berkshire,E06000037,1893
201718,2017-18,Reading,E06000038,2016
201718,2017-18,Slough,E06000039,2329
201718,2017-18,Wokingham,E06000041,2127
201718,2017-18,Kent,E10000016,17574
201718,2017-18,Medway,E06000035,3426
201718,2017-18,Isle of Wight,E06000046,1313
201718,2017-18,Oxfordshire,E10000025,7364
201718,2017-18,Surrey,E10000030,12841
201718,2017-18,West Sussex,E10000032,9150
201718,2017-18,Bath and North East Somerset,E06000022,1851
201718,2017-18,"Bristol, City of",E06000023,5372
201718,2017-18,North Somerset,E06000024,2400
201718,2017-18,South Gloucestershire,E06000025,3274
201718,2017-18,Dorset,E10000009,3965
201718,2017-18,Poole,E06000029,1494
201718,2017-18,Bournemouth,E06000028,1798
201718,2017-18,Wiltshire,E06000054,5446
201718,2017-18,Swindon,E06000030,2824
201718,2017-18,Devon,E10000008,7581
201718,2017-18,Plymouth,E06000026,2929
201718,2017-18,Torbay,E06000027,1402
201718,2017-18,Cornwall,E06000052,5913
201718,2017-18,Gloucestershire,E10000013,6786
201718,2017-18,Somerset,E10000027,5594
201718,2017-18,Birmingham,E08000025,15416
201718,2017-18,Coventry,E08000026,4369
201718,2017-18,Dudley,E08000027,3959
201718,2017-18,Sandwell,E08000028,4954
201718,2017-18,Solihull,E08000029,2741
201718,2017-18,Walsall,E08000030,3642
201718,2017-18,Wolverhampton,E08000031,3248
201718,2017-18,Staffordshire,E10000028,9418
201718,2017-18,Stoke-on-Trent,E06000021,3288
201718,2017-18,"Herefordshire, County of",E06000019,1910
201718,2017-18,Worcestershire,E10000034,6309
201718,2017-18,Shropshire,E06000051,2904
201718,2017-18,Telford and Wrekin,E06000020,2292
201718,2017-18,Warwickshire,E10000031,6347
201718,2017-18,Barnsley,E08000016,2806
201718,2017-18,Doncaster,E08000017,3747
201718,2017-18,Rotherham,E08000018,3272
201718,2017-18,Sheffield,E08000019,6135
201718,2017-18,Bradford,E08000032,7393
201718,2017-18,Calderdale,E08000033,2573
201718,2017-18,Kirklees,E08000034,5245
201718,2017-18,Leeds,E08000035,9732
201718,2017-18,Wakefield,E08000036,4176
201718,2017-18,"Kingston upon Hull, City of",E06000010,3404
201718,2017-18,East Riding of Yorkshire,E06000011,3393
201718,2017-18,North East Lincolnshire,E06000012,1946
201718,2017-18,North Lincolnshire,E06000013,1963
201718,2017-18,North Yorkshire,E10000023,5966
201718,2017-18,York,E06000014,1951
201819,2018-19,Derbyshire,E10000007,8150
201819,2018-19,Derby,E06000015,3188
201819,2018-19,Leicestershire,E10000018,7571
201819,2018-19,Leicester,E06000016,4542
201819,2018-19,Rutland,E06000017,390
201819,2018-19,Nottinghamshire,E10000024,9232
201819,2018-19,Nottingham,E06000018,3590
201819,2018-19,Lincolnshire,E10000019,7847
201819,2018-19,Northamptonshire,E10000021,8823
201819,2018-19,Luton,E06000032,3173
201819,2018-19,Bedford,E06000055,2269
201819,2018-19,Central Bedfordshire,E06000056,3561
201819,2018-19,Cambridgeshire,E10000003,7117
201819,2018-19,Peterborough,E06000031,2954
201819,2018-19,Essex,E10000012,16605
201819,2018-19,Southend-on-Sea,E06000033,2121
201819,2018-19,Thurrock,E06000034,2424
201819,2018-19,Hertfordshire,E10000015,13968
201819,2018-19,Norfolk,E10000020,8894
201819,2018-19,Suffolk,E10000029,7769
201819,2018-19,City of London,E09000001,30
201819,2018-19,Camden,E09000007,1456
201819,2018-19,Greenwich,E09000011,3455
201819,2018-19,Hackney,E09000012,2565
201819,2018-19,Hammersmith and Fulham,E09000013,1346
201819,2018-19,Islington,E09000019,1855
201819,2018-19,Kensington and Chelsea,E09000020,953
201819,2018-19,Lambeth,E09000022,2906
201819,2018-19,Lewisham,E09000023,3249
201819,2018-19,Southwark,E09000028,3205
201819,2018-19,Tower Hamlets,E09000030,3282
201819,2018-19,Wandsworth,E09000032,2798
201819,2018-19,Westminster,E09000033,1171
201819,2018-19,Barking and Dagenham,E09000002,3195
201819,2018-19,Barnet,E09000003,4019
201819,2018-19,Bexley,E09000004,2959
201819,2018-19,Brent,E09000005,3581
201819,2018-19,Bromley,E09000006,3875
201819,2018-19,Croydon,E09000008,4502
201819,2018-19,Ealing,E09000009,4213
201819,2018-19,Enfield,E09000010,4066
201819,2018-19,Haringey,E09000014,2963
201819,2018-19,Harrow,E09000015,2959
201819,2018-19,Havering,E09000016,3201
201819,2018-19,Hillingdon,E09000017,3932
201819,2018-19,Hounslow,E09000018,3157
201819,2018-19,Kingston upon Thames,E09000021,1930
201819,2018-19,Merton,E09000024,2303
201819,2018-19,Newham,E09000025,4525
201819,2018-19,Redbridge,E09000026,3821
201819,2018-19,Richmond upon Thames,E09000027,2349
201819,2018-19,Sutton,E09000029,2432
201819,2018-19,Waltham Forest,E09000031,3287
201819,2018-19,Gateshead,E08000037,2037
201819,2018-19,Newcastle upon Tyne,E08000021,3121
201819,2018-19,North Tyneside,E08000022,2261
201819,2018-19,South Tyneside,E08000023,1649
201819,2018-19,Sunderland,E08000024,2812
201819,2018-19,Hartlepool,E06000001,1087
201819,2018-19,Middlesbrough,E06000002,1932
201819,2018-19,Redcar and Cleveland,E06000003,1587
201819,2018-19,Stockton-on-Tees,E06000004,2346
201819,2018-19,County Durham,E06000047,5370
201819,2018-19,Darlington,E06000005,1146
201819,2018-19,Northumberland,E06000057,3028
201819,2018-19,Knowsley,E08000011,1799
201819,2018-19,Liverpool,E08000012,5301
201819,2018-19,St. Helens,E08000013,2053
201819,2018-19,Sefton,E08000014,3006
201819,2018-19,Wirral,E08000015,3586
201819,2018-19,Bolton,E08000001,3907
201819,2018-19,Bury,E08000002,2322
201819,2018-19,Manchester,E08000003,6750
201819,2018-19,Oldham,E08000004,3353
201819,2018-19,Rochdale,E08000005,2949
201819,2018-19,Salford,E08000006,3019
201819,2018-19,Stockport,E08000007,3498
201819,2018-19,Tameside,E08000008,2873
201819,2018-19,Trafford,E08000009,2912
201819,2018-19,Wigan,E08000010,3619
201819,2018-19,Halton,E06000006,1395
201819,2018-19,Warrington,E06000007,2426
201819,2018-19,Lancashire,E10000017,13584
201819,2018-19,Blackburn with Darwen,E06000008,1973
201819,2018-19,Blackpool,E06000009,1602
201819,2018-19,Cheshire East,E06000049,4016
201819,2018-19,Cheshire West and Chester,E06000050,3805
201819,2018-19,Cumbria,E10000006,4861
201819,2018-19,Buckinghamshire,E06000060,5995
201819,2018-19,Milton Keynes,E06000042,3510
201819,2018-19,East Sussex,E10000011,5142
201819,2018-19,Brighton and Hove,E06000043,2574
201819,2018-19,Hampshire,E10000014,14820
201819,2018-19,Portsmouth,E06000044,2278
201819,2018-19,Southampton,E06000045,2887
201819,2018-19,Bracknell Forest,E06000036,1359
201819,2018-19,Windsor and Maidenhead,E06000040,1564
201819,2018-19,West Berkshire,E06000037,1842
201819,2018-19,Reading,E06000038,1889
201819,2018-19,Slough,E06000039,2263
201819,2018-19,Wokingham,E06000041,2067
201819,2018-19,Kent,E10000016,17443
201819,2018-19,Medway,E06000035,3445
201819,2018-19,Isle of Wight,E06000046,1259
201819,2018-19,Oxfordshire,E10000025,7187
201819,2018-19,Surrey,E10000030,12836
201819,2018-19,West Sussex,E10000032,8901
201819,2018-19,Bath and North East Somerset,E06000022,1783
201819,2018-19,"Bristol, City of",E06000023,5109
201819,2018-19,North Somerset,E06000024,2260
201819,2018-19,South Gloucestershire,E06000025,3211
201819,2018-19,Dorset,E10000009,3756
201819,2018-19,Poole,E06000029,1577
201819,2018-19,Bournemouth,E06000028,1760
201819,2018-19,Wiltshire,E06000054,5420
201819,2018-19,Swindon,E06000030,2826
201819,2018-19,Devon,E10000008,7621
201819,2018-19,Plymouth,E06000026,2831
201819,2018-19,Torbay,E06000027,1446
201819,2018-19,Cornwall,E06000052,5669
201819,2018-19,Gloucestershire,E10000013,6661
201819,2018-19,Somerset,E10000027,5648
201819,2018-19,Birmingham,E08000025,14945
201819,2018-19,Coventry,E08000026,4289
201819,2018-19,Dudley,E08000027,3829
201819,2018-19,Sandwell,E08000028,4643
201819,2018-19,Solihull,E08000029,2731
201819,2018-19,Walsall,E08000030,3752
201819,2018-19,Wolverhampton,E08000031,3352
201819,2018-19,Staffordshire,E10000028,9327
201819,2018-19,Stoke-on-Trent,E06000021,3302
201819,2018-19,"Herefordshire, County of",E06000019,1827
201819,2018-19,Worcestershire,E10000034,6066
201819,2018-19,Shropshire,E06000051,2833
201819,2018-19,Telford and Wrekin,E06000020,2205
201819,2018-19,Warwickshire,E10000031,6325
201819,2018-19,Barnsley,E08000016,2711
201819,2018-19,Doncaster,E08000017,3543
201819,2018-19,Rotherham,E08000018,3148
201819,2018-19,Sheffield,E08000019,6038
201819,2018-19,Bradford,E08000032,7341
201819,2018-19,Calderdale,E08000033,2577
201819,2018-19,Kirklees,E08000034,5105
201819,2018-19,Leeds,E08000035,9630
201819,2018-19,Wakefield,E08000036,4100
201819,2018-19,"Kingston upon Hull, City of",E06000010,3263
201819,2018-19,East Riding of Yorkshire,E06000011,3241
201819,2018-19,North East Lincolnshire,E06000012,1866
201819,2018-19,North Lincolnshire,E06000013,1828
201819,2018-19,North Yorkshire,E10000023,5928
201819,2018-19,York,E06000014,1939
201920,2019-20,Derbyshire,E10000007,8149
201920,2019-20,Derby,E06000015,3194
201920,2019-20,Leicestershire,E10000018,7802
201920,2019-20,Leicester,E06000016,4537
201920,2019-20,Rutland,E06000017,397
201920,2019-20,Nottinghamshire,E10000024,9164
201920,2019-20,Nottingham,E06000018,3616
201920,2019-20,Lincolnshire,E10000019,7710
201920,2019-20,Northamptonshire,E10000021,8853
201920,2019-20,Luton,E06000032,3089
201920,2019-20,Bedford,E06000055,2125
201920,2019-20,Central Bedfordshire,E06000056,3597
201920,2019-20,Cambridgeshire,E10000003,7216
201920,2019-20,Peterborough,E06000031,2945
201920,2019-20,Essex,E10000012,16574
201920,2019-20,Southend-on-Sea,E06000033,2097
201920,2019-20,Thurrock,E06000034,2477
201920,2019-20,Hertfordshire,E10000015,14035
201920,2019-20,Norfolk,E10000020,9029
201920,2019-20,Suffolk,E10000029,7728
201920,2019-20,City of London,E09000001,29
201920,2019-20,Camden,E09000007,1466
201920,2019-20,Greenwich,E09000011,3537
201920,2019-20,Hackney,E09000012,2599
201920,2019-20,Hammersmith and Fulham,E09000013,1306
201920,2019-20,Islington,E09000019,1889
201920,2019-20,Kensington and Chelsea,E09000020,934
201920,2019-20,Lambeth,E09000022,2871
201920,2019-20,Lewisham,E09000023,3259
201920,2019-20,Southwark,E09000028,3173
201920,2019-20,Tower Hamlets,E09000030,3172
201920,2019-20,Wandsworth,E09000032,2785
201920,2019-20,Westminster,E09000033,1220
201920,2019-20,Barking and Dagenham,E09000002,3234
201920,2019-20,Barnet,E09000003,4007
201920,2019-20,Bexley,E09000004,3064
201920,2019-20,Brent,E09000005,3490
201920,2019-20,Bromley,E09000006,3981
201920,2019-20,Croydon,E09000008,4448
201920,2019-20,Ealing,E09000009,4086
201920,2019-20,Enfield,E09000010,4104
201920,2019-20,Haringey,E09000014,2885
201920,2019-20,Harrow,E09000015,2990
201920,2019-20,Havering,E09000016,3279
201920,2019-20,Hillingdon,E09000017,3931
201920,2019-20,Hounslow,E09000018,3174
201920,2019-20,Kingston upon Thames,E09000021,1936
201920,2019-20,Merton,E09000024,2370
201920,2019-20,Newham,E09000025,4498
201920,2019-20,Redbridge,E09000026,3904
201920,2019-20,Richmond upon Thames,E09000027,2434
201920,2019-20,Sutton,E09000029,2533
201920,2019-20,Waltham Forest,E09000031,3416
201920,2019-20,Gateshead,E08000037,2105
201920,2019-20,Newcastle upon Tyne,E08000021,3059
201920,2019-20,North Tyneside,E08000022,2195
201920,2019-20,South Tyneside,E08000023,1619
201920,2019-20,Sunderland,E08000024,2843
201920,2019-20,Hartlepool,E06000001,1060
201920,2019-20,Middlesbrough,E06000002,1879
201920,2019-20,Redcar and Cleveland,E06000003,1486
201920,2019-20,Stockton-on-Tees,E06000004,2360
201920,2019-20,County Durham,E06000047,5364
201920,2019-20,Darlington,E06000005,1158
201920,2019-20,Northumberland,E06000057,2999
201920,2019-20,Knowsley,E08000011,1875
201920,2019-20,Liverpool,E08000012,5525
201920,2019-20,St. Helens,E08000013,2017
201920,2019-20,Sefton,E08000014,2882
201920,2019-20,Wirral,E08000015,3500
201920,2019-20,Bolton,E08000001,3856
201920,2019-20,Bury,E08000002,2277
201920,2019-20,Manchester,E08000003,7030
201920,2019-20,Oldham,E08000004,3342
201920,2019-20,Rochdale,E08000005,2938
201920,2019-20,Salford,E08000006,3023
201920,2019-20,Stockport,E08000007,3526
201920,2019-20,Tameside,E08000008,2878
201920,2019-20,Trafford,E08000009,2895
201920,2019-20,Wigan,E08000010,3629
201920,2019-20,Halton,E06000006,1483
201920,2019-20,Warrington,E06000007,2527
201920,2019-20,Lancashire,E10000017,13597
201920,2019-20,Blackburn with Darwen,E06000008,2057
201920,2019-20,Blackpool,E06000009,1542
201920,2019-20,Cheshire East,E06000049,4018
201920,2019-20,Cheshire West and Chester,E06000050,3767
201920,2019-20,Cumbria,E10000006,4887
201920,2019-20,Buckinghamshire,E06000060,6097
201920,2019-20,Milton Keynes,E06000042,3642
201920,2019-20,East Sussex,E10000011,5107
201920,2019-20,Brighton and Hove,E06000043,2540
201920,2019-20,Hampshire,E10000014,14716
201920,2019-20,Portsmouth,E06000044,2299
201920,2019-20,Southampton,E06000045,2882
201920,2019-20,Bracknell Forest,E06000036,1343
201920,2019-20,Windsor and Maidenhead,E06000040,1614
201920,2019-20,West Berkshire,E06000037,1840
201920,2019-20,Reading,E06000038,1775
201920,2019-20,Slough,E06000039,2265
201920,2019-20,Wokingham,E06000041,2028
201920,2019-20,Kent,E10000016,17427
201920,2019-20,Medway,E06000035,3456
201920,2019-20,Isle of Wight,E06000046,1279
201920,2019-20,Oxfordshire,E10000025,7250
201920,2019-20,Surrey,E10000030,12820
201920,2019-20,West Sussex,E10000032,9029
201920,2019-20,Bath and North East Somerset,E06000022,1851
201920,2019-20,"Bristol, City of",E06000023,5038
201920,2019-20,North Somerset,E06000024,2343
201920,2019-20,South Gloucestershire,E06000025,3310
201920,2019-20,Dorset,E06000059,3251
201920,2019-20,"Bournemouth, Christchurch and Poole",E06000058,3693
201920,2019-20,Wiltshire,E06000054,5312
201920,2019-20,Swindon,E06000030,2790
201920,2019-20,Devon,E10000008,7395
201920,2019-20,Plymouth,E06000026,2824
201920,2019-20,Torbay,E06000027,1349
201920,2019-20,Cornwall,E06000052,5625
201920,2019-20,Gloucestershire,E10000013,6602
201920,2019-20,Somerset,E10000027,5614
201920,2019-20,Birmingham,E08000025,14656
201920,2019-20,Coventry,E08000026,4241
201920,2019-20,Dudley,E08000027,3681
201920,2019-20,Sandwell,E08000028,4733
201920,2019-20,Solihull,E08000029,2726
201920,2019-20,Walsall,E08000030,3758
201920,2019-20,Wolverhampton,E08000031,3312
201920,2019-20,Staffordshire,E10000028,9104
201920,2019-20,Stoke-on-Trent,E06000021,3120
201920,2019-20,"Herefordshire, County of",E06000019,1749
201920,2019-20,Worcestershire,E10000034,6166
201920,2019-20,Shropshire,E06000051,2880
201920,2019-20,Telford and Wrekin,E06000020,2126
201920,2019-20,Warwickshire,E10000031,6259
201920,2019-20,Barnsley,E08000016,2798
201920,2019-20,Doncaster,E08000017,3544
201920,2019-20,Rotherham,E08000018,3028
201920,2019-20,Sheffield,E08000019,6144
201920,2019-20,Bradford,E08000032,7318
201920,2019-20,Calderdale,E08000033,2483
201920,2019-20,Kirklees,E08000034,5078
201920,2019-20,Leeds,E08000035,9650
201920,2019-20,Wakefield,E08000036,4029
201920,2019-20,"Kingston upon Hull, City of",E06000010,3242
201920,2019-20,East Riding of Yorkshire,E06000011,3321
201920,2019-20,North East Lincolnshire,E06000012,1982
201920,2019-20,North Lincolnshire,E06000013,1841
201920,2019-20,North Yorkshire,E10000023,5881
201920,2019-20,York,E06000014,1848
202021,2020-21,Derbyshire,E10000007,8089
202021,2020-21,Derby,E06000015,3131
202021,2020-21,Leicestershire,E10000018,7730
202021,2020-21,Leicester,E06000016,4438
202021,2020-21,Rutland,E06000017,372
202021,2020-21,Nottinghamshire,E10000024,9198
202021,2020-21,Nottingham,E06000018,3607
202021,2020-21,Lincolnshire,E10000019,7638
202021,2020-21,Northamptonshire,E10000021,8844
202021,2020-21,Luton,E06000032,3112
202021,2020-21,Bedford,E06000055,2263
202021,2020-21,Central Bedfordshire,E06000056,3650
202021,2020-21,Cambridgeshire,E10000003,7148
202021,2020-21,Peterborough,E06000031,2853
202021,2020-21,Essex,E10000012,16635
202021,2020-21,Southend-on-Sea,E06000033,2126
202021,2020-21,Thurrock,E06000034,2556
202021,2020-21,Hertfordshire,E10000015,13984
202021,2020-21,Norfolk,E10000020,8938
202021,2020-21,Suffolk,E10000029,7647
202021,2020-21,City of London,E09000001,30
202021,2020-21,Camden,E09000007,1428
202021,2020-21,Greenwich,E09000011,3402
202021,2020-21,Hackney,E09000012,2530
202021,2020-21,Hammersmith and Fulham,E09000013,1318
202021,2020-21,Islington,E09000019,1870
202021,2020-21,Kensington and Chelsea,E09000020,952
202021,2020-21,Lambeth,E09000022,2706
202021,2020-21,Lewisham,E09000023,3157
202021,2020-21,Southwark,E09000028,2956
202021,2020-21,Tower Hamlets,E09000030,3288
202021,2020-21,Wandsworth,E09000032,2725
202021,2020-21,Westminster,E09000033,1145
202021,2020-21,Barking and Dagenham,E09000002,3336
202021,2020-21,Barnet,E09000003,4003
202021,2020-21,Bexley,E09000004,3009
202021,2020-21,Brent,E09000005,3389
202021,2020-21,Bromley,E09000006,4050
202021,2020-21,Croydon,E09000008,4410
202021,2020-21,Ealing,E09000009,3944
202021,2020-21,Enfield,E09000010,4045
202021,2020-21,Haringey,E09000014,2876
202021,2020-21,Harrow,E09000015,2999
202021,2020-21,Havering,E09000016,3427
202021,2020-21,Hillingdon,E09000017,3820
202021,2020-21,Hounslow,E09000018,3122
202021,2020-21,Kingston upon Thames,E09000021,1848
202021,2020-21,Merton,E09000024,2279
202021,2020-21,Newham,E09000025,4334
202021,2020-21,Redbridge,E09000026,3798
202021,2020-21,Richmond upon Thames,E09000027,2379
202021,2020-21,Sutton,E09000029,2511
202021,2020-21,Waltham Forest,E09000031,3356
202021,2020-21,Gateshead,E08000037,2023
202021,2020-21,Newcastle upon Tyne,E08000021,3073
202021,2020-21,North Tyneside,E08000022,2226
202021,2020-21,South Tyneside,E08000023,1773
202021,2020-21,Sunderland,E08000024,2883
202021,2020-21,Hartlepool,E06000001,1057
202021,2020-21,Middlesbrough,E06000002,1864
202021,2020-21,Redcar and Cleveland,E06000003,1447
202021,2020-21,Stockton-on-Tees,E06000004,2327
202021,2020-21,County Durham,E06000047,5332
202021,2020-21,Darlington,E06000005,1150
202021,2020-21,Northumberland,E06000057,3135
202021,2020-21,Knowsley,E08000011,1864
202021,2020-21,Liverpool,E08000012,5409
202021,2020-21,St. Helens,E08000013,1989
202021,2020-21,Sefton,E08000014,2950
202021,2020-21,Wirral,E08000015,3500
202021,2020-21,Bolton,E08000001,3831
202021,2020-21,Bury,E08000002,2249
202021,2020-21,Manchester,E08000003,6757
202021,2020-21,Oldham,E08000004,3371
202021,2020-21,Rochdale,E08000005,3013
202021,2020-21,Salford,E08000006,3114
202021,2020-21,Stockport,E08000007,3468
202021,2020-21,Tameside,E08000008,2787
202021,2020-21,Trafford,E08000009,2896
202021,2020-21,Wigan,E08000010,3566
202021,2020-21,Halton,E06000006,1416
202021,2020-21,Warrington,E06000007,2352
202021,2020-21,Lancashire,E10000017,13666
202021,2020-21,Blackburn with Darwen,E06000008,1987
202021,2020-21,Blackpool,E06000009,1451
202021,2020-21,Cheshire East,E06000049,4121
202021,2020-21,Cheshire West and Chester,E06000050,3794
202021,2020-21,Cumbria,E10000006,4872
202021,2020-21,Buckinghamshire,E06000060,6162
202021,2020-21,Milton Keynes,E06000042,3467
202021,2020-21,East Sussex,E10000011,5031
202021,2020-21,Brighton and Hove,E06000043,2452
202021,2020-21,Hampshire,E10000014,14924
202021,2020-21,Portsmouth,E06000044,2231
202021,2020-21,Southampton,E06000045,2656
202021,2020-21,Bracknell Forest,E06000036,1357
202021,2020-21,Windsor and Maidenhead,E06000040,1614
202021,2020-21,West Berkshire,E06000037,1843
202021,2020-21,Reading,E06000038,1955
202021,2020-21,Slough,E06000039,2215
202021,2020-21,Wokingham,E06000041,2086
202021,2020-21,Kent,E10000016,17561
202021,2020-21,Medway,E06000035,3538
202021,2020-21,Isle of Wight,E06000046,1131
202021,2020-21,Oxfordshire,E10000025,7349
202021,2020-21,Surrey,E10000030,12813
202021,2020-21,West Sussex,E10000032,8995
202021,2020-21,Bath and North East Somerset,E06000022,1854
202021,2020-21,"Bristol, City of",E06000023,5081
202021,2020-21,North Somerset,E06000024,2302
202021,2020-21,South Gloucestershire,E06000025,3243
202021,2020-21,Dorset,E06000059,3250
202021,2020-21,"Bournemouth, Christchurch and Poole",E06000058,3711
202021,2020-21,Wiltshire,E06000054,5412
202021,2020-21,Swindon,E06000030,2729
202021,2020-21,Devon,E10000008,7458
202021,2020-21,Plymouth,E06000026,2742
202021,2020-21,Torbay,E06000027,1326
202021,2020-21,Cornwall,E06000052,5524
202021,2020-21,Gloucestershire,E10000013,6676
202021,2020-21,Somerset,E10000027,5523
202021,2020-21,Birmingham,E08000025,14667
202021,2020-21,Coventry,E08000026,4221
202021,2020-21,Dudley,E08000027,3709
202021,2020-21,Sandwell,E08000028,4652
202021,2020-21,Solihull,E08000029,2725
202021,2020-21,Walsall,E08000030,3662
202021,2020-21,Wolverhampton,E08000031,3304
202021,2020-21,Staffordshire,E10000028,9253
202021,2020-21,Stoke-on-Trent,E06000021,3104
202021,2020-21,"Herefordshire, County of",E06000019,1778
202021,2020-21,Worcestershire,E10000034,6124
202021,2020-21,Shropshire,E06000051,2981
202021,2020-21,Telford and Wrekin,E06000020,2130
202021,2020-21,Warwickshire,E10000031,6194
202021,2020-21,Barnsley,E08000016,2683
202021,2020-21,Doncaster,E08000017,3517
202021,2020-21,Rotherham,E08000018,3169
202021,2020-21,Sheffield,E08000019,5991
202021,2020-21,Bradford,E08000032,7212
202021,2020-21,Calderdale,E08000033,2452
202021,2020-21,Kirklees,E08000034,5027
202021,2020-21,Leeds,E08000035,9525
202021,2020-21,Wakefield,E08000036,4124
202021,2020-21,"Kingston upon Hull, City of",E06000010,3237
202021,2020-21,East Riding of Yorkshire,E06000011,3239
202021,2020-21,North East Lincolnshire,E06000012,1773
202021,2020-21,North Lincolnshire,E06000013,1834
202021,2020-21,North Yorkshire,E10000023,5913
202021,2020-21,York,E06000014,1832
202122,2021-22,Derbyshire,E10000007,7917
202122,2021-22,Derby,E06000015,3010
202122,2021-22,Leicestershire,E10000018,7539
202122,2021-22,Leicester,E06000016,4337
202122,2021-22,Rutland,E06000017,368
202122,2021-22,Nottinghamshire,E10000024,9125
202122,2021-22,Nottingham,E06000018,3492
202122,2021-22,Lincolnshire,E10000019,7470
202122,2021-22,North Northamptonshire,E06000061,4013
202122,2021-22,West Northamptonshire,E06000062,4611
202122,2021-22,Luton,E06000032,3206
202122,2021-22,Bedford,E06000055,2251
202122,2021-22,Central Bedfordshire,E06000056,3638
202122,2021-22,Cambridgeshire,E10000003,6856
202122,2021-22,Peterborough,E06000031,2847
202122,2021-22,Essex,E10000012,16605
202122,2021-22,Southend-on-Sea,E06000033,2094
202122,2021-22,Thurrock,E06000034,2499
202122,2021-22,Hertfordshire,E10000015,13634
202122,2021-22,Norfolk,E10000020,8691
202122,2021-22,Suffolk,E10000029,7507
202122,2021-22,City of London,E09000001,30
202122,2021-22,Camden,E09000007,1445
202122,2021-22,Greenwich,E09000011,3373
202122,2021-22,Hackney,E09000012,2398
202122,2021-22,Hammersmith and Fulham,E09000013,1237
202122,2021-22,Islington,E09000019,1869
202122,2021-22,Kensington and Chelsea,E09000020,901
202122,2021-22,Lambeth,E09000022,2613
202122,2021-22,Lewisham,E09000023,3076
202122,2021-22,Southwark,E09000028,2888
202122,2021-22,Tower Hamlets,E09000030,3257
202122,2021-22,Wandsworth,E09000032,2560
202122,2021-22,Westminster,E09000033,1123
202122,2021-22,Barking and Dagenham,E09000002,3182
202122,2021-22,Barnet,E09000003,3920
202122,2021-22,Bexley,E09000004,2925
202122,2021-22,Brent,E09000005,3473
202122,2021-22,Bromley,E09000006,3850
202122,2021-22,Croydon,E09000008,4350
202122,2021-22,Ealing,E09000009,3963
202122,2021-22,Enfield,E09000010,3868
202122,2021-22,Haringey,E09000014,2627
202122,2021-22,Harrow,E09000015,2959
202122,2021-22,Havering,E09000016,3331
202122,2021-22,Hillingdon,E09000017,3717
202122,2021-22,Hounslow,E09000018,3015
202122,2021-22,Kingston upon Thames,E09000021,1817
202122,2021-22,Merton,E09000024,2188
202122,2021-22,Newham,E09000025,4483
202122,2021-22,Redbridge,E09000026,3738
202122,2021-22,Richmond upon Thames,E09000027,2235
202122,2021-22,Sutton,E09000029,2449
202122,2021-22,Waltham Forest,E09000031,3311
202122,2021-22,Gateshead,E08000037,1989
202122,2021-22,Newcastle upon Tyne,E08000021,3088
202122,2021-22,North Tyneside,E08000022,2079
202122,2021-22,South Tyneside,E08000023,1538
202122,2021-22,Sunderland,E08000024,2864
202122,2021-22,Hartlepool,E06000001,1018
202122,2021-22,Middlesbrough,E06000002,1912
202122,2021-22,Redcar and Cleveland,E06000003,1535
202122,2021-22,Stockton-on-Tees,E06000004,2267
202122,2021-22,County Durham,E06000047,5056
202122,2021-22,Darlington,E06000005,1073
202122,2021-22,Northumberland,E06000057,2940
202122,2021-22,Knowsley,E08000011,1967
202122,2021-22,Liverpool,E08000012,5482
202122,2021-22,St. Helens,E08000013,2085
202122,2021-22,Sefton,E08000014,2903
202122,2021-22,Wirral,E08000015,3391
202122,2021-22,Bolton,E08000001,3716
202122,2021-22,Bury,E08000002,2103
202122,2021-22,Manchester,E08000003,6639
202122,2021-22,Oldham,E08000004,3326
202122,2021-22,Rochdale,E08000005,3008
202122,2021-22,Salford,E08000006,3000
202122,2021-22,Stockport,E08000007,3427
202122,2021-22,Tameside,E08000008,2792
202122,2021-22,Trafford,E08000009,2894
202122,2021-22,Wigan,E08000010,3602
202122,2021-22,Halton,E06000006,1372
202122,2021-22,Warrington,E06000007,2324
202122,2021-22,Lancashire,E10000017,13279
202122,2021-22,Blackburn with Darwen,E06000008,1960
202122,2021-22,Blackpool,E06000009,1498
202122,2021-22,Cheshire East,E06000049,4045
202122,2021-22,Cheshire West and Chester,E06000050,3737
202122,2021-22,Cumbria,E10000006,4755
202122,2021-22,Buckinghamshire,E06000060,5984
202122,2021-22,Milton Keynes,E06000042,3489
202122,2021-22,East Sussex,E10000011,4769
202122,2021-22,Brighton and Hove,E06000043,2411
202122,2021-22,Hampshire,E10000014,14440
202122,2021-22,Portsmouth,E06000044,2017
202122,2021-22,Southampton,E06000045,2668
202122,2021-22,Bracknell Forest,E06000036,1285
202122,2021-22,Windsor and Maidenhead,E06000040,1540
202122,2021-22,West Berkshire,E06000037,1777
202122,2021-22,Reading,E06000038,1855
202122,2021-22,Slough,E06000039,2221
202122,2021-22,Wokingham,E06000041,2095
202122,2021-22,Kent,E10000016,17636
202122,2021-22,Medway,E06000035,3474
202122,2021-22,Isle of Wight,E06000046,1164
202122,2021-22,Oxfordshire,E10000025,7180
202122,2021-22,Surrey,E10000030,12350
202122,2021-22,West Sussex,E10000032,8931
202122,2021-22,Bath and North East Somerset,E06000022,1790
202122,2021-22,"Bristol, City of",E06000023,4893
202122,2021-22,North Somerset,E06000024,2193
202122,2021-22,South Gloucestershire,E06000025,3240
202122,2021-22,Dorset,E06000059,3202
202122,2021-22,"Bournemouth, Christchurch and Poole",E06000058,3683
202122,2021-22,Wiltshire,E06000054,5130
202122,2021-22,Swindon,E06000030,2745
202122,2021-22,Devon,E10000008,7393
202122,2021-22,Plymouth,E06000026,2630
202122,2021-22,Torbay,E06000027,1224
202122,2021-22,Cornwall,E06000052,5370
202122,2021-22,Gloucestershire,E10000013,6475
202122,2021-22,Somerset,E10000027,5437
202122,2021-22,Birmingham,E08000025,14396
202122,2021-22,Coventry,E08000026,4074
202122,2021-22,Dudley,E08000027,3683
202122,2021-22,Sandwell,E08000028,4606
202122,2021-22,Solihull,E08000029,2626
202122,2021-22,Walsall,E08000030,3745
202122,2021-22,Wolverhampton,E08000031,3293
202122,2021-22,Staffordshire,E10000028,9193
202122,2021-22,Stoke-on-Trent,E06000021,2894
202122,2021-22,"Herefordshire, County of",E06000019,1788
202122,2021-22,Worcestershire,E10000034,5950
202122,2021-22,Shropshire,E06000051,2942
202122,2021-22,Telford and Wrekin,E06000020,2141
202122,2021-22,Warwickshire,E10000031,6161
202122,2021-22,Barnsley,E08000016,2774
202122,2021-22,Doncaster,E08000017,3485
202122,2021-22,Rotherham,E08000018,3159
202122,2021-22,Sheffield,E08000019,6022
202122,2021-22,Bradford,E08000032,7040
202122,2021-22,Calderdale,E08000033,2346
202122,2021-22,Kirklees,E08000034,5010
202122,2021-22,Leeds,E08000035,9529
202122,2021-22,Wakefield,E08000036,4046
202122,2021-22,"Kingston upon Hull, City of",E06000010,3138
202122,2021-22,East Riding of Yorkshire,E06000011,3232
202122,2021-22,North East Lincolnshire,E06000012,1838
202122,2021-22,North Lincolnshire,E06000013,1741
202122,2021-22,North Yorkshire,E10000023,5807
202122,2021-22,York,E06000014,1768
202223,2022-23,Derbyshire,E10000007,7780
202223,2022-23,Derby,E06000015,3054
202223,2022-23,Leicestershire,E10000018,7559
202223,2022-23,Leicester,E06000016,4257
202223,2022-23,Rutland,E06000017,373
202223,2022-23,Nottinghamshire,E10000024,8704
202223,2022-23,Nottingham,E06000018,3433
202223,2022-23,Lincolnshire,E10000019,7301
202223,2022-23,North Northamptonshire,E06000061,3948
202223,2022-23,West Northamptonshire,E06000062,4690
202223,2022-23,Luton,E06000032,3014
202223,2022-23,Bedford,E06000055,2263
202223,2022-23,Central Bedfordshire,E06000056,3750
202223,2022-23,Cambridgeshire,E10000003,6935
202223,2022-23,Peterborough,E06000031,2855
202223,2022-23,Essex,E10000012,16662
202223,2022-23,Southend-on-Sea,E06000033,1985
202223,2022-23,Thurrock,E06000034,2421
202223,2022-23,Hertfordshire,E10000015,13652
202223,2022-23,Norfolk,E10000020,8397
202223,2022-23,Suffolk,E10000029,7412
202223,2022-23,City of London,E09000001,30
202223,2022-23,Camden,E09000007,1367
202223,2022-23,Greenwich,E09000011,3296
202223,2022-23,Hackney,E09000012,2284
202223,2022-23,Hammersmith and Fulham,E09000013,1229
202223,2022-23,Islington,E09000019,1728
202223,2022-23,Kensington and Chelsea,E09000020,890
202223,2022-23,Lambeth,E09000022,2501
202223,2022-23,Lewisham,E09000023,3086
202223,2022-23,Southwark,E09000028,2743
202223,2022-23,Tower Hamlets,E09000030,3080
202223,2022-23,Wandsworth,E09000032,2452
202223,2022-23,Westminster,E09000033,1013
202223,2022-23,Barking and Dagenham,E09000002,3165
202223,2022-23,Barnet,E09000003,3890
202223,2022-23,Bexley,E09000004,2922
202223,2022-23,Brent,E09000005,3432
202223,2022-23,Bromley,E09000006,3852
202223,2022-23,Croydon,E09000008,4253
202223,2022-23,Ealing,E09000009,3874
202223,2022-23,Enfield,E09000010,3845
202223,2022-23,Haringey,E09000014,2693
202223,2022-23,Harrow,E09000015,3071
202223,2022-23,Havering,E09000016,3388
202223,2022-23,Hillingdon,E09000017,3745
202223,2022-23,Hounslow,E09000018,3011
202223,2022-23,Kingston upon Thames,E09000021,1781
202223,2022-23,Merton,E09000024,2192
202223,2022-23,Newham,E09000025,4361
202223,2022-23,Redbridge,E09000026,3748
202223,2022-23,Richmond upon Thames,E09000027,2184
202223,2022-23,Sutton,E09000029,2341
202223,2022-23,Waltham Forest,E09000031,3210
202223,2022-23,Gateshead,E08000037,1957
202223,2022-23,Newcastle upon Tyne,E08000021,3024
202223,2022-23,North Tyneside,E08000022,2137
202223,2022-23,South Tyneside,E08000023,1576
202223,2022-23,Sunderland,E08000024,2854
202223,2022-23,Hartlepool,E06000001,1046
202223,2022-23,Middlesbrough,E06000002,1918
202223,2022-23,Redcar and Cleveland,E06000003,1377
202223,2022-23,Stockton-on-Tees,E06000004,2180
202223,2022-23,County Durham,E06000047,5050
202223,2022-23,Darlington,E06000005,1172
202223,2022-23,Northumberland,E06000057,2977
202223,2022-23,Knowsley,E08000011,1985
202223,2022-23,Liverpool,E08000012,5332
202223,2022-23,St. Helens,E08000013,1965
202223,2022-23,Sefton,E08000014,2775
202223,2022-23,Wirral,E08000015,3270
202223,2022-23,Bolton,E08000001,3611
202223,2022-23,Bury,E08000002,2186
202223,2022-23,Manchester,E08000003,6550
202223,2022-23,Oldham,E08000004,3191
202223,2022-23,Rochdale,E08000005,2847
202223,2022-23,Salford,E08000006,3016
202223,2022-23,Stockport,E08000007,3434
202223,2022-23,Tameside,E08000008,2705
202223,2022-23,Trafford,E08000009,2787
202223,2022-23,Wigan,E08000010,3557
202223,2022-23,Halton,E06000006,1329
202223,2022-23,Warrington,E06000007,2338
202223,2022-23,Lancashire,E10000017,13002
202223,2022-23,Blackburn with Darwen,E06000008,1879
202223,2022-23,Blackpool,E06000009,1467
202223,2022-23,Cheshire East,E06000049,4127
202223,2022-23,Cheshire West and Chester,E06000050,3623
202223,2022-23,Cumbria,E10000006,4503
202223,2022-23,Buckinghamshire,E06000060,6097
202223,2022-23,Milton Keynes,E06000042,3519
202223,2022-23,East Sussex,E10000011,4904
202223,2022-23,Brighton and Hove,E06000043,2312
202223,2022-23,Hampshire,E10000014,14136
202223,2022-23,Portsmouth,E06000044,2108
202223,2022-23,Southampton,E06000045,2584
202223,2022-23,Bracknell Forest,E06000036,1360
202223,2022-23,Windsor and Maidenhead,E06000040,1524
202223,2022-23,West Berkshire,E06000037,1727
202223,2022-23,Reading,E06000038,1844
202223,2022-23,Slough,E06000039,2164
202223,2022-23,Wokingham,E06000041,2011
202223,2022-23,Kent,E10000016,17628
202223,2022-23,Medway,E06000035,3488
202223,2022-23,Isle of Wight,E06000046,1115
202223,2022-23,Oxfordshire,E10000025,7263
202223,2022-23,Surrey,E10000030,12414
202223,2022-23,West Sussex,E10000032,8876
202223,2022-23,Bath and North East Somerset,E06000022,1795
202223,2022-23,"Bristol, City of",E06000023,4677
202223,2022-23,North Somerset,E06000024,2213
202223,2022-23,South Gloucestershire,E06000025,3235
202223,2022-23,Dorset,E06000059,3113
202223,2022-23,"Bournemouth, Christchurch and Poole",E06000058,3487
202223,2022-23,Wiltshire,E06000054,5069
202223,2022-23,Swindon,E06000030,2675
202223,2022-23,Devon,E10000008,7271
202223,2022-23,Plymouth,E06000026,2602
202223,2022-23,Torbay,E06000027,1269
202223,2022-23,Cornwall,E06000052,5255
202223,2022-23,Gloucestershire,E10000013,6550
202223,2022-23,Somerset,E10000027,5347
202223,2022-23,Birmingham,E08000025,14089
202223,2022-23,Coventry,E08000026,4271
202223,2022-23,Dudley,E08000027,3645
202223,2022-23,Sandwell,E08000028,4449
202223,2022-23,Solihull,E08000029,2600
202223,2022-23,Walsall,E08000030,3599
202223,2022-23,Wolverhampton,E08000031,3316
202223,2022-23,Staffordshire,E10000028,9128
202223,2022-23,Stoke-on-Trent,E06000021,2934
202223,2022-23,"Herefordshire, County of",E06000019,1827
202223,2022-23,Worcestershire,E10000034,5905
202223,2022-23,Shropshire,E06000051,2820
202223,2022-23,Telford and Wrekin,E06000020,2151
202223,2022-23,Warwickshire,E10000031,6390
202223,2022-23,Barnsley,E08000016,2663
202223,2022-23,Doncaster,E08000017,3466
202223,2022-23,Rotherham,E08000018,3043
202223,2022-23,Sheffield,E08000019,5994
202223,2022-23,Bradford,E08000032,6761
202223,2022-23,Calderdale,E08000033,2365
202223,2022-23,Kirklees,E08000034,4803
202223,2022-23,Leeds,E08000035,9328
202223,2022-23,Wakefield,E08000036,4062
202223,2022-23,"Kingston upon Hull, City of",E06000010,3119
202223,2022-23,East Riding of Yorkshire,E06000011,3206
202223,2022-23,North East Lincolnshire,E06000012,1721
202223,2022-23,North Lincolnshire,E06000013,1748
202223,2022-23,North Yorkshire,E10000023,5718
202223,2022-23,York,E06000014,1682
