gss_code,gss_name,2011,2012,2013,2014,2015,2016,2017,2018,2019,2020,2021,2022,2023,2024,2025
E92000001,England,648411,670324,663867,673183,684259,693120,673973,659667,655853,660520,639653,624927.493,615209.539,601916.778,579125.352
N92000002,Northern Ireland,24364,25637,25680,25349,25709,25974,25213,24913,24960,25133,23832,23302.222,23049.489,22486.129,21945.174
S92000003,Scotland,56926,59334,59607,58286,61341,59741,58510,57551,57404,56715,54843,53681.421,52161.49,50003.732,48052.27
W92000004,Wales,34922,36244,35563,35939,36581,35936,34924,34201,34087,34354,32886,32286.863,31092.399,30136.245,28735.142
E12000001,North East,29246,30281,29725,30479,30914,30715,30007,29394,28851,29315,28591,27589.806,27152.459,25879.689,25335.041
E12000002,North West,84927,87644,86340,87530,89430,90517,88560,87205,86954,87539,85195,82611.972,82324.157,80344.484,77545.267
E12000003,Yorkshire and The Humber,64286,65942,66061,66602,66539,67667,65690,64159,63956,64109,62464,60405.828,59532.713,58558.263,55577.038
E12000004,East Midlands,53238,55356,54579,55378,56854,57528,55963,54900,54958,55307,53302,52305.923,51321.806,50354.88,48529.813
E12000005,West Midlands,69635,72218,71651,71641,73574,74782,73958,72432,70987,71734,70150,68519.387,67393.854,66132.629,63861.912
E12000006,East of England,70763,73997,73712,74959,76338,77290,75515,74450,74115,75226,72892,72070.601,70715.708,69806.678,66827.365
E12000007,London,111765,115162,113764,114800,115844,118507,114031,110572,109876,110248,105377,102254.483,99950.663,97641.937,92816.703
E12000008,South East,105898,109295,108278,110670,112309,112652,108801,106254,106591,106907,104221,102274.766,100871.365,98865.812,95684.479
E12000009,South West,58653,60429,59757,61124,62457,63462,61448,60301,59565,60135,57461,56894.727,55946.816,54332.407,52947.735
E06000001,Hartlepool,1146,1169,1152,1151,1194,1146,1117,1104,1031,1091,1065,999.797,1025.938,1000.422,925.257
E06000002,Middlesbrough,1831,1870,1831,1901,2050,1995,2032,1936,1944,1835,1935,1846.921,1768.637,1707.999,1628.73
E06000003,Redcar and Cleveland,1499,1508,1431,1561,1661,1669,1617,1519,1487,1455,1515,1391.525,1380.003,1350.113,1223.162
E06000004,Stockton-on-Tees,2403,2504,2455,2550,2589,2543,2514,2364,2357,2360,2370,2170.092,2198.073,2120.921,1934.94
E06000005,Darlington,1261,1298,1317,1313,1280,1351,1291,1226,1192,1199,1128,1139.959,1094.426,1073.243,1030.554
E06000006,Halton,1602,1688,1589,1691,1599,1618,1625,1522,1538,1511,1479,1425.027,1341.9,1338.198,1288.002
E06000007,Warrington,2456,2478,2563,2512,2613,2577,2469,2493,2425,2386,2195,2226.61,2150.465,2143.365,1988.835
E06000008,Blackburn with Darwen,2249,2273,2282,2213,2215,2332,2220,2101,2185,2222,2099,1993.229,2059.308,1986.95,1953.759
E06000009,Blackpool,1585,1648,1648,1625,1539,1723,1656,1589,1641,1539,1552,1435.103,1460.375,1370.843,1287.607
E06000010,"Kingston upon Hull, City of",3215,3428,3448,3472,3523,3713,3621,3457,3352,3397,3327,3093.775,3140.474,3132.624,2906.015
E06000011,East Riding of Yorkshire,3401,3477,3331,3396,3386,3508,3252,3216,3222,3246,3247,3126.167,2982.991,3006.584,2884.204
E06000012,North East Lincolnshire,1946,1979,1995,2075,2000,2049,1922,1916,1921,1836,1805,1723.674,1647.38,1640.249,1514.605
E06000013,North Lincolnshire,2043,2089,2099,2062,1991,1993,1954,1848,1820,1841,1826,1748.515,1651.86,1649.893,1628.035
E06000014,York,2138,2116,2114,2084,2112,2049,2000,1964,1905,1931,1783,1739.549,1681.83,1664.559,1630.997
E06000015,Derby,3449,3599,3494,3615,3463,3610,3545,3412,3370,3225,3106,2998.637,3122.021,2903.906,2904.626
E06000016,Leicester,4619,4855,4944,4792,5087,5322,5154,5003,4987,4863,4641,4520.549,4396.653,4385.97,4066.725
E06000017,Rutland,415,359,374,359,370,365,399,369,378,365,390,365.502,334.851,312.483,313.063
E06000018,Nottingham,3791,3865,3890,3948,4036,4062,4054,3917,3869,4016,3750,3532.468,3487.199,3371.922,3074.314
E06000019,"Herefordshire, County of",1870,1967,1948,1933,2024,1911,1947,1842,1778,1798,1776,1783.26,1717.548,1621.651,1574.399
E06000020,Telford and Wrekin,2246,2211,2255,2336,2363,2329,2289,2343,2180,2206,2216,2176.612,2125.725,2124.481,2043.726
E06000021,Stoke-on-Trent,3192,3583,3310,3326,3515,3545,3551,3556,3301,3334,3141,3034.767,3137.191,3068.128,2917.544
E06000022,Bath and North East Somerset,1961,1863,1888,1850,1993,1993,1965,1905,1870,1963,1878,1899.221,1823.332,1838.215,1860.786
E06000023,"Bristol, City of",5367,5670,5641,5844,5813,6003,5783,5579,5461,5432,5164,4971.186,4945.922,4704.968,4634.721
E06000024,North Somerset,2316,2394,2426,2460,2559,2531,2414,2342,2337,2400,2267,2161.022,2219.508,2125.52,2091.073
E06000025,South Gloucestershire,3110,3401,3268,3323,3358,3325,3346,3322,3305,3353,3272,3347.621,3346.442,3177.599,3167.903
E06000026,Plymouth,2931,3035,2931,3035,3158,3210,3089,2966,2967,2987,2691,2694.753,2668.391,2522.578,2415.244
E06000027,Torbay,1362,1368,1301,1437,1418,1498,1482,1466,1411,1406,1257,1249.327,1292.281,1152.48,1131.959
E06000030,Swindon,2722,2915,2804,2929,3021,3176,3075,2970,2951,2881,2908,2829.365,2756.928,2647.049,2632.127
E06000031,Peterborough,2648,2833,2905,3013,3033,3256,3225,3192,3114,3077,2930,2980.778,2832.344,2812.026,2723.575
E06000032,Luton,3132,3410,3290,3298,3510,3530,3410,3442,3345,3395,3350,3073.595,3163.424,3122.065,3023.706
E06000033,Southend-on-Sea,2197,2220,2278,2287,2227,2269,2139,2251,2149,2231,2126,2094.076,1989.251,1959.016,1845.518
E06000034,Thurrock,2340,2504,2390,2394,2513,2542,2491,2475,2585,2624,2518,2534.23,2383.844,2398.216,2260.494
E06000035,Medway,3353,3449,3539,3608,3636,3780,3559,3624,3597,3690,3651,3499.667,3515.008,3427.015,3245.175
E06000036,Bracknell Forest,1580,1608,1677,1681,1652,1629,1534,1517,1502,1491,1418,1482.412,1408.84,1474.792,1404.299
E06000037,West Berkshire,1951,2148,1973,2041,2115,2032,1915,1873,1808,1838,1768,1756.732,1668.801,1637.497,1578.09
E06000038,Reading,2125,2351,2316,2337,2321,2271,2363,2238,2103,2271,2114,1957.257,1946.838,1903.975,1831.51
E06000039,Slough,2500,2476,2513,2609,2676,2639,2591,2579,2462,2590,2510,2324.625,2332.702,2298.272,2092.282
E06000040,Windsor and Maidenhead,1842,1853,1893,1960,1867,1980,1814,1764,1776,1755,1688,1684.236,1666.166,1562.227,1564.186
E06000041,Wokingham,2046,2100,2141,2205,2202,2279,2228,2114,2112,2259,2192,2142.36,2147.378,2074.472,2014.157
E06000042,Milton Keynes,3848,4033,4006,4155,4219,4254,4044,3868,3883,3956,3717,3721.809,3649.454,3489.139,3491.834
E06000043,Brighton and Hove,2902,3008,2920,2919,2842,2905,2727,2527,2632,2551,2424,2395.212,2242.916,2220.171,2043.333
E06000044,Portsmouth,2601,2561,2601,2678,2614,2557,2602,2526,2507,2461,2264,2171.849,2146.407,2170.131,2106.849
E06000045,Southampton,2830,2965,3011,2952,3190,3129,3030,2998,2964,2874,2756,2692.208,2623.831,2603.977,2505.656
E06000046,Isle of Wight,1309,1310,1288,1339,1333,1404,1340,1360,1353,1275,1219,1171.864,1156.759,1063.453,1064.588
E06000047,County Durham,5616,5788,5597,5855,5845,5670,5655,5547,5466,5447,5221,5049.825,4966.856,4759.637,4678.557
E06000049,Cheshire East,4109,4277,4120,3996,4259,4329,4189,4029,4147,4289,4288,4275.312,4010.84,4033.056,3964.248
E06000050,Cheshire West and Chester,3683,3785,3545,3677,3759,3965,3890,3821,3755,3810,3707,3671.799,3540.669,3523.071,3455.79
E06000051,Shropshire,3174,3295,3130,3249,3113,3130,3100,3058,3007,3174,3189,2988.528,2876.274,2863.782,2832.734
E06000052,Cornwall,5549,5457,5640,5632,5970,6099,5968,5727,5732,5732,5385,5367.266,5164.148,5048.813,4932.699
E06000053,Isles of Scilly,29,28,17,19,19,20,19,25,26,19,15,15.334,29.555,26.673,19.367
E06000054,Wiltshire,5716,5852,5748,5882,5976,5872,5732,5668,5604,5733,5412,5384.166,5322.814,5174.121,4958.832
E06000055,Bedford,1930,2065,2193,2242,2158,2294,2290,2291,2247,2338,2270,2326.496,2297.885,2225.613,2249.393
E06000056,Central Bedfordshire,3197,3391,3324,3391,3566,3588,3571,3529,3615,3673,3678,3612.935,3764.09,3702.398,3533.247
E06000057,,3136,3430,3210,3291,3287,3276,3202,3098,3039,3194,3071,3077.742,2953.692,2770.181,2818.936
E06000058,"Bournemouth, Christchurch and Poole",4005,4223,4137,4193,4256,4543,4182,4134,4112,4114,3998,3786.009,3725.034,3642.29,3634.864
E06000059,Dorset,3614,3642,3619,3637,3638,3699,3523,3418,3334,3392,3261,3254.354,3164.811,3098.793,2986.222
E06000060,Buckinghamshire,6450,6708,6650,6732,6982,6987,6662,6553,6712,6691,6553,6609.466,6392.665,6279.896,6227.121
E06000061,,4227,4307,4291,4397,4515,4564,4482,4403,4271,4288,4211,4173.492,4168.084,4105.806,3971.04
E06000062,,4841,5219,5123,5173,5210,5223,5197,5111,5155,5203,4957,5032.392,4836.318,4963.258,4699.15
E07000008,Cambridge,1233,1245,1311,1313,1329,1391,1319,1305,1331,1252,1305,1261.528,1280.487,1241.628,1184.207
E07000009,East Cambridgeshire,1077,1098,1159,1110,1210,1103,1137,1000,1015,1031,927,966.434,908.12,895.446,850.779
E07000010,Fenland,1045,1055,1007,1081,1111,1204,1181,1157,1120,1168,1047,1114.69,1011.923,1049.943,975.757
E07000011,Huntingdonshire,2032,2055,2099,2074,2071,2198,2147,2064,2029,2127,1943,2044.811,2008.27,1971.694,1874.008
E07000012,South Cambridgeshire,1880,1948,1988,1930,1967,1958,1962,1938,1881,2049,1873,1874.375,1818.658,1800.226,1773.959
E07000026,Allerdale,964,1001,1005,1033,1034,965,960,941,954,912,927,917.005,847.868,834.935,866.863
E07000027,Barrow-in-Furness,782,766,772,684,725,743,736,721,737,776,729,677.226,694.119,660.364,625.568
E07000028,Carlisle,1157,1227,1202,1224,1240,1316,1176,1229,1172,1222,1132,1065.726,1083.293,1048.405,1033.069
E07000029,Copeland,755,759,679,731,737,777,740,700,692,700,689,641.161,599.29,586.54,579.691
E07000030,Eden,498,507,482,505,484,479,523,478,460,470,448,439.125,460.339,475.15,438.21
E07000031,South Lakeland,959,911,928,903,894,870,859,855,821,847,890,778.992,858.753,744.055,752.458
E07000032,Amber Valley,1312,1310,1244,1339,1338,1301,1406,1287,1251,1319,1313,1268.146,1245.411,1154.746,1165.637
E07000033,Bolsover,859,876,866,803,919,880,923,803,845,867,801,827.414,845.08,804.413,775.824
E07000034,Chesterfield,1104,1218,1143,1100,1211,1232,1121,1164,1005,1037,1089,1043.169,1013.211,983.997,936.812
E07000035,Derbyshire Dales,640,711,623,626,659,637,600,578,631,603,591,539.657,560.396,563.372,534.546
E07000036,Erewash,1218,1337,1319,1334,1369,1355,1263,1296,1243,1230,1142,1150.828,1091.639,1031.996,1007.855
E07000037,High Peak,1029,1009,977,983,988,1016,930,876,927,939,913,904.145,866.045,825.911,823.578
E07000038,North East Derbyshire,946,1030,971,1033,1021,1067,973,1019,1014,1023,1069,989.687,997.532,951.423,1019.665
E07000039,South Derbyshire,1171,1177,1153,1195,1189,1252,1186,1145,1213,1282,1173,1248.88,1210.733,1166.024,1167.2
E07000040,East Devon,1234,1242,1264,1324,1391,1395,1397,1424,1342,1469,1372,1380.307,1399.05,1381.208,1405.878
E07000041,Exeter,1201,1345,1359,1296,1329,1307,1202,1276,1250,1277,1199,1168.878,1175.764,1085.781,1088.656
E07000042,Mid Devon,995,877,891,915,914,944,905,867,865,828,842,844.948,848.332,830.239,773.107
E07000043,North Devon,1008,983,960,1003,1097,1048,1043,987,975,983,991,971.551,894.901,910.173,834.093
E07000044,South Hams,811,771,735,842,853,785,795,768,782,781,782,796.716,774.953,731.12,710.269
E07000045,Teignbridge,1208,1290,1191,1328,1278,1379,1369,1277,1291,1294,1247,1262.379,1249.946,1210.796,1158.64
E07000046,Torridge,626,652,663,687,673,756,663,683,606,631,608,567.479,581.3,596.522,560.974
E07000047,West Devon,533,590,509,534,527,515,529,509,499,517,495,462.707,446.028,443.284,452.423
E07000061,Eastbourne,1074,1012,1102,1105,1151,1195,1194,1104,1119,1040,989,974.687,940.233,917.7,918.326
E07000062,Hastings,1068,1122,1090,1087,1126,1120,1149,1076,1019,1008,983,955.453,968.354,922.707,845.188
E07000063,Lewes,1079,1035,1085,1148,1103,1111,1041,987,1011,970,999,1015.184,916.056,958.049,858.721
E07000064,Rother,831,859,825,870,938,842,833,768,781,797,746,816.345,766.654,792.303,731.614
E07000065,Wealden,1588,1693,1557,1627,1656,1540,1531,1581,1585,1637,1577,1533.687,1555.79,1498.633,1479.95
E07000066,Basildon,2264,2341,2389,2313,2397,2534,2543,2433,2457,2605,2462,2421.034,2536.715,2430.577,2314.015
E07000067,Braintree,1898,1915,1878,2022,1871,1801,1784,1686,1740,1783,1787,1820.971,1770.378,1680.081,1583.435
E07000068,Brentwood,794,835,824,775,811,897,895,871,906,895,872,859.023,885.864,889.277,814.172
E07000069,Castle Point,826,919,880,856,942,875,950,924,951,931,900,917.041,898.151,906.611,875.517
E07000070,Chelmsford,1895,2095,1975,2077,2060,2145,2007,2092,2091,2097,2126,2113.198,1999.438,1931.732,1971.539
E07000071,Colchester,2063,2138,2163,2271,2268,2360,2338,2291,2325,2273,2230,2285.554,2163.558,2149.554,2028.146
E07000072,Epping Forest,1493,1471,1519,1523,1543,1609,1594,1502,1496,1574,1578,1496.713,1621.126,1578.02,1468.462
E07000073,Harlow,1111,1272,1199,1274,1265,1340,1379,1344,1310,1265,1293,1261.416,1268.258,1194.014,1226.54
E07000074,Maldon,625,621,668,598,662,642,660,617,585,673,634,718.698,638.119,640.953,638.365
E07000075,Rochford,908,873,920,964,910,842,855,872,891,852,898,917.831,888.819,927.376,852.806
E07000076,Tendring,1312,1386,1412,1414,1468,1515,1428,1538,1463,1367,1414,1428.124,1344.29,1375.525,1313.123
E07000077,Uttlesford,980,997,965,1022,1103,1005,1048,1075,1115,1151,1053,1090.518,1062.606,1103.569,985.957
E07000078,Cheltenham,1253,1276,1279,1336,1260,1349,1270,1321,1262,1228,1250,1202.717,1191.126,1134.114,1058.196
E07000079,Cotswold,860,797,868,856,876,819,818,890,853,857,864,862.268,852.387,835.207,823.35
E07000080,Forest of Dean,822,843,840,870,873,903,858,857,818,905,847,821.303,843.254,802.703,799.103
E07000081,Gloucester,1511,1726,1644,1617,1708,1827,1809,1612,1669,1690,1486,1603.398,1466.803,1437.809,1359.021
E07000082,Stroud,1290,1305,1254,1267,1295,1344,1237,1220,1224,1240,1212,1235.573,1203.643,1161.966,1093.73
E07000083,Tewkesbury,912,927,979,988,1080,1008,1050,1149,1137,1152,1127,1122.871,1080.756,1071.237,1031.418
E07000084,Basingstoke and Deane,2233,2335,2206,2327,2508,2453,2357,2242,2158,2291,2267,2051.399,2118.915,2111.188,2032.456
E07000085,East Hampshire,1325,1334,1255,1311,1296,1401,1303,1316,1197,1265,1295,1240.27,1255.248,1263.646,1218.05
E07000086,Eastleigh,1511,1584,1621,1674,1648,1585,1577,1615,1577,1593,1594,1586.122,1604.293,1524.121,1462.474
E07000087,Fareham,1150,1211,1161,1178,1268,1261,1165,1177,1201,1232,1142,1113.927,1072.491,1066.611,1015.97
E07000088,Gosport,1063,1082,1006,1124,1007,1022,1020,929,921,922,881,831.088,829.626,830.405,797.896
E07000089,Hart,1178,1211,1173,1205,1239,1264,1174,1134,1209,1174,1142,1071.261,1113.1,1072.879,1085.048
E07000090,Havant,1289,1366,1373,1393,1405,1372,1342,1343,1351,1353,1337,1228.143,1238.067,1241.134,1163.538
E07000091,New Forest,1716,1743,1833,1767,1809,1779,1755,1626,1603,1621,1536,1538.096,1486.819,1423.371,1415.508
E07000092,Rushmoor,1267,1250,1256,1307,1291,1340,1277,1221,1339,1221,1153,1218.206,1206.75,1164.997,1166.569
E07000093,Test Valley,1315,1424,1451,1401,1472,1477,1510,1432,1481,1549,1494,1436.532,1476.17,1463.845,1362.368
E07000094,Winchester,1404,1397,1351,1344,1362,1427,1361,1384,1330,1338,1317,1266.124,1266.914,1274.626,1218.584
E07000095,Broxbourne,1241,1229,1216,1289,1271,1299,1265,1195,1231,1256,1211,1226.337,1186.143,1134.369,1090.404
E07000096,Dacorum,1811,1976,2023,2087,2103,1942,1934,2008,1963,2014,2032,1967.889,1906.197,1876.856,1805.089
E07000098,Hertsmere,1311,1422,1352,1396,1383,1416,1293,1381,1368,1369,1285,1278.775,1259.704,1282.39,1211.242
E07000099,North Hertfordshire,1564,1611,1724,1729,1686,1784,1722,1639,1552,1633,1487,1540.244,1480.877,1541.216,1426.335
E07000102,Three Rivers,1073,1150,1136,1179,1275,1203,1151,1141,1120,1135,1079,1022.012,1061.095,1058.571,1016.723
E07000103,Watford,1269,1333,1351,1411,1464,1477,1407,1409,1376,1390,1332,1301.614,1296.007,1282.454,1220.398
E07000105,Ashford,1552,1632,1598,1574,1593,1642,1660,1575,1624,1570,1626,1623.775,1476.321,1537.772,1465.047
E07000106,Canterbury,1498,1498,1514,1561,1595,1601,1417,1488,1479,1446,1454,1461.542,1391.794,1373.763,1336.962
E07000107,Dartford,1281,1369,1342,1415,1499,1501,1575,1539,1668,1566,1704,1683.033,1646.678,1622.823,1559.927
E07000108,Dover,1268,1274,1291,1202,1269,1279,1303,1233,1234,1262,1211,1168.377,1139.888,1148.579,1108.083
E07000109,Gravesham,1352,1302,1366,1455,1362,1517,1348,1491,1396,1383,1375,1347.501,1273.334,1332.482,1260.525
E07000110,Maidstone,1908,1904,1916,1945,2119,2041,2092,2052,2177,2100,2174,2198.857,2141.19,2047.649,2041.369
E07000111,Sevenoaks,1435,1499,1442,1543,1590,1581,1410,1419,1546,1423,1447,1417.385,1417.904,1355.814,1392.206
E07000112,Folkestone and Hythe,1189,1196,1228,1199,1214,1188,1177,1201,1075,1123,1094,1065.91,1027.934,1022.726,989.496
E07000113,Swale,1722,1786,1750,1875,1837,1893,1897,1817,1776,1877,1851,1835.477,1915.781,1767.026,1671.523
E07000114,Thanet,1616,1681,1622,1694,1634,1732,1706,1593,1573,1570,1473,1519.709,1470.14,1483.773,1356.055
E07000115,Tonbridge and Malling,1544,1596,1576,1615,1547,1597,1683,1585,1613,1616,1681,1666.192,1595.299,1570.358,1547.84
E07000116,Tunbridge Wells,1539,1501,1483,1427,1474,1441,1363,1299,1342,1311,1306,1301.661,1287.652,1256.399,1182.122
E07000117,Burnley,1139,1216,1161,1231,1132,1210,1226,1202,1139,1278,1215,1114.725,1183.892,1200.41,1064.575
E07000118,Chorley,1222,1284,1282,1303,1412,1395,1357,1336,1345,1344,1385,1206.617,1262.419,1208.578,1169.321
E07000119,Fylde,732,761,722,762,825,733,735,738,686,723,701,694.554,731.952,690.8,660.171
E07000120,Hyndburn,1050,1032,1090,1084,1081,1063,1150,1061,1080,1008,1024,986.249,994.965,954.214,909.442
E07000121,Lancaster,1376,1504,1390,1394,1554,1549,1520,1455,1434,1484,1342,1367.347,1382.012,1299.736,1244.757
E07000122,Pendle,1148,1278,1314,1301,1329,1274,1273,1272,1278,1313,1255,1173.752,1185.629,1232.891,1120.083
E07000123,Preston,1782,1791,1882,1873,1873,1742,1772,1839,1843,1844,1860,1720.573,1820.475,1710.42,1707.382
E07000124,Ribble Valley,614,598,623,622,567,558,556,536,527,541,557,578.202,542.038,596.685,546.872
E07000125,Rossendale,836,898,872,875,888,911,855,851,854,827,794,800.291,794.783,741.948,724.422
E07000126,South Ribble,1291,1302,1325,1221,1301,1275,1267,1253,1248,1267,1164,1154.495,1120.512,1093.291,1067.326
E07000127,West Lancashire,1213,1319,1179,1179,1211,1185,1228,1134,1168,1092,1108,1080.882,1142.9,1058.46,989.841
E07000128,Wyre,1054,1082,1010,1046,1068,1028,1068,1011,1066,1058,1023,1027.26,1005.178,1015.255,965.243
E07000129,Blaby,1097,1169,1104,1099,1188,1153,1151,1155,1168,1257,1229,1173.211,1165.862,1154.422,1106.278
E07000130,Charnwood,1831,1841,1792,1910,2059,1935,1885,1776,1962,2017,1850,2004.169,1790.251,1871.941,1728.005
E07000131,Harborough,992,1063,974,1005,989,949,977,996,1042,1035,984,1044.891,1018.181,1019.993,1023.287
E07000132,Hinckley and Bosworth,1183,1151,1126,1178,1242,1295,1251,1204,1196,1226,1223,1153.068,1157.923,1131.564,1052.943
E07000133,Melton,567,557,576,592,576,607,534,529,554,509,474,528.532,477.906,509.335,454.528
E07000134,North West Leicestershire,1129,1133,1091,1136,1124,1112,1110,1053,1134,1181,1085,1155.848,1139.775,1077.474,1115.731
E07000135,Oadby and Wigston,581,609,597,579,626,676,634,649,650,670,657,620.118,599.368,593.922,567.183
E07000136,Boston,698,779,814,795,825,872,830,822,830,764,776,802.08,729.577,732.177,678.697
E07000137,East Lindsey,1151,1288,1239,1372,1290,1300,1290,1273,1241,1276,1195,1152.871,1177.101,1098.66,1062.429
E07000138,Lincoln,1014,1035,1130,1087,1144,1166,1091,1119,1123,1128,1055,989.237,1008.204,965.969,925.199
E07000139,North Kesteven,1080,1106,1243,1165,1288,1243,1200,1237,1232,1290,1258,1146.336,1126.115,1139.041,1064.005
E07000140,South Holland,848,942,924,958,964,1004,988,1029,968,1044,943,995.267,973.335,914.727,964.688
E07000141,South Kesteven,1550,1599,1474,1565,1628,1616,1530,1547,1601,1603,1416,1454.166,1398.489,1367.494,1330.692
E07000142,West Lindsey,890,970,895,939,1007,1031,1004,1036,995,992,937,972.165,898.032,902.723,866.003
E07000143,Breckland,1436,1510,1485,1544,1545,1518,1557,1467,1491,1484,1441,1414.494,1356.009,1338.245,1281.052
E07000144,Broadland,1311,1232,1290,1225,1273,1349,1308,1219,1262,1329,1317,1258.343,1272.6,1228.025,1143.679
E07000145,Great Yarmouth,1084,1162,1046,1190,1084,1136,1104,1066,1065,1059,1094,1002.657,982.885,955.664,908.154
E07000146,King's Lynn and West Norfolk,1549,1653,1587,1598,1670,1727,1715,1629,1655,1653,1537,1444.841,1456.959,1431.086,1381.418
E07000147,North Norfolk,848,925,844,912,922,934,793,874,848,824,813,776.585,743.273,723.906,661.006
E07000148,Norwich,1587,1584,1651,1577,1629,1772,1646,1584,1492,1510,1442,1370.155,1329.153,1305.307,1235.545
E07000149,South Norfolk,1331,1425,1489,1468,1492,1457,1548,1438,1539,1588,1527,1487.69,1443.567,1388.092,1387.216
E07000163,Craven,517,528,522,541,535,551,521,522,477,532,502,524.895,511.405,487.357,433.74
E07000164,Hambleton,886,958,854,966,843,947,859,845,817,873,821,795.097,802.686,727.602,740.773
E07000165,Harrogate,1768,1809,1793,1745,1802,1692,1594,1623,1584,1664,1594,1533.568,1525.801,1465.118,1396.281
E07000166,Richmondshire,582,575,576,540,575,576,591,533,526,494,468,502.301,462.796,427.878,435.567
E07000167,Ryedale,485,494,466,546,528,508,464,503,518,506,479,454.512,483.35,472.227,463.579
E07000168,Scarborough,1074,1055,1082,1026,1118,1067,1073,1000,1068,1019,996,914.267,949.152,927.092,896.418
E07000169,Selby,1023,979,1034,984,969,1038,991,1030,1046,1056,1016,1066.094,1016.702,1005.055,1004.82
E07000170,Ashfield,1424,1425,1518,1513,1545,1597,1511,1543,1487,1494,1505,1323.431,1377.376,1316.747,1276.04
E07000171,Bassetlaw,1221,1255,1213,1234,1308,1360,1251,1237,1245,1286,1343,1199.421,1178.409,1185.377,1150.619
E07000172,Broxtowe,1203,1310,1181,1249,1273,1327,1243,1168,1188,1155,1146,1083.504,1069.03,1012.27,969.029
E07000173,Gedling,1299,1328,1305,1309,1416,1344,1331,1252,1324,1295,1262,1223.415,1227.345,1187.535,1176.875
E07000174,Mansfield,1193,1262,1300,1322,1329,1379,1315,1323,1288,1261,1285,1182.674,1165.254,1174.772,1113.029
E07000175,Newark and Sherwood,1281,1307,1303,1345,1358,1361,1308,1272,1308,1278,1264,1242.26,1206.959,1249.292,1223.239
E07000176,Rushcliffe,1385,1355,1368,1329,1300,1315,1296,1297,1263,1286,1269,1264.293,1262.139,1224.218,1221.277
E07000177,Cherwell,1962,1981,1904,1906,2020,1852,1800,1771,1862,1876,1899,1905.679,1870.345,1867.804,1767.618
E07000178,Oxford,1707,1799,1725,1722,1896,1782,1633,1588,1508,1554,1418,1368.223,1406.212,1323.768,1250.707
E07000179,South Oxfordshire,1653,1762,1570,1702,1751,1734,1637,1604,1673,1708,1704,1706.034,1617.89,1614.998,1588.163
E07000180,Vale of White Horse,1473,1466,1501,1498,1574,1541,1560,1557,1620,1649,1679,1578.643,1575.745,1570.199,1495.933
E07000181,West Oxfordshire,1285,1296,1305,1338,1359,1371,1319,1214,1223,1182,1183,1156.098,1216.701,1165.163,1137.71
E07000187,Mendip,1159,1280,1204,1224,1237,1270,1151,1157,1223,1225,1150,1144.213,1142.877,1094.143,1057.006
E07000188,Sedgemoor,1223,1336,1311,1407,1385,1375,1364,1352,1370,1332,1251,1228.753,1198.851,1271.803,1193.564
E07000189,South Somerset,1730,1840,1817,1851,1849,1780,1845,1771,1748,1691,1744,1707.936,1660.218,1688.084,1609.214
E07000192,Cannock Chase,1169,1157,1150,1137,1136,1095,1190,1098,1066,1070,1082,1144.535,1120.212,1100.462,1075.989
E07000193,East Staffordshire,1308,1411,1471,1424,1430,1476,1470,1513,1435,1443,1442,1418.134,1357.377,1421.126,1371.642
E07000194,Lichfield,1120,1072,1062,1022,1158,1088,1077,1040,1032,1022,1163,1100.233,1043.435,1056.186,1029.588
E07000195,Newcastle-under-Lyme,1277,1302,1308,1240,1327,1343,1282,1291,1268,1241,1250,1177.076,1148.005,1214.169,1124.834
E07000196,South Staffordshire,1084,999,965,1023,1027,1069,1069,979,1029,1093,1058,1079.24,977.746,988.981,1008.086
E07000197,Stafford,1458,1509,1424,1358,1345,1377,1436,1384,1388,1419,1384,1364.691,1411.969,1377.883,1341.892
E07000198,Staffordshire Moorlands,911,973,961,1012,1008,908,926,910,876,892,888,844.977,811.111,850.095,808.903
E07000199,Tamworth,966,1067,1036,1042,942,999,928,872,883,961,937,912.663,857.687,904.368,845.184
E07000200,Babergh,937,985,921,889,950,877,872,887,856,975,863,829.376,804.6,872.157,808.994
E07000202,Ipswich,1682,1811,1809,1920,1900,1896,1849,1807,1809,1877,1749,1693.128,1619.158,1591.102,1494.334
E07000203,Mid Suffolk,1100,1051,1087,1054,1077,1011,975,1022,945,982,923,932.114,905.271,965.294,906.988
E07000207,Elmbridge,1852,1955,1945,2041,2118,2038,1963,1960,1862,1857,1812,1763.03,1662.793,1667.59,1612.061
E07000208,Epsom and Ewell,921,958,1009,1026,1002,1017,1079,1029,1034,1012,1016,977.652,896.674,898.329,908.537
E07000209,Guildford,1613,1700,1632,1611,1685,1671,1581,1528,1403,1481,1438,1360.427,1377.1,1312.798,1301.192
E07000210,Mole Valley,917,951,987,1017,1042,983,891,868,872,834,834,875.385,827.468,794.789,794.777
E07000211,Reigate and Banstead,1790,1936,1850,1972,1960,2062,1951,1942,1994,1951,1863,1855.077,1910.597,1818.806,1811.913
E07000212,Runnymede,907,1012,984,993,938,994,894,940,1008,955,967,941.069,969.265,931.412,890.854
E07000213,Spelthorne,1187,1168,1240,1192,1269,1238,1311,1247,1257,1289,1220,1202.32,1159.557,1195.921,1111.527
E07000214,Surrey Heath,1060,1040,1059,1064,1088,1112,953,987,1010,1072,935,899.003,956.478,893.874,890.733
E07000215,Tandridge,1033,1045,1001,1028,1018,1017,1031,1017,993,1054,1041,1010.157,1040.578,997.882,1001.39
E07000216,Waverley,1582,1612,1523,1625,1488,1595,1536,1366,1432,1502,1423,1421.768,1376.792,1312.917,1310.379
E07000217,Woking,1424,1493,1391,1476,1467,1492,1389,1305,1400,1359,1248,1242.085,1262.614,1202.685,1181.412
E07000218,North Warwickshire,675,631,636,670,698,655,750,666,666,698,643,701.022,652.714,633.411,646.806
E07000219,Nuneaton and Bedworth,1536,1608,1557,1622,1662,1605,1662,1561,1582,1657,1551,1591.028,1603.247,1504.804,1477.457
E07000220,Rugby,1282,1244,1304,1205,1359,1344,1321,1325,1303,1355,1337,1349.436,1347.826,1247.586,1233.059
E07000221,Stratford-on-Avon,1252,1291,1222,1134,1217,1252,1278,1237,1264,1365,1386,1287.274,1298.491,1331.541,1299.846
E07000222,Warwick,1507,1575,1591,1594,1575,1664,1524,1582,1615,1498,1476,1555.231,1563.17,1534.404,1433.128
E07000223,Adur,672,734,719,779,779,833,764,786,727,739,702,661.508,672.45,612.286,589.548
E07000224,Arun,1466,1542,1608,1550,1598,1690,1622,1470,1582,1632,1544,1494.905,1472.64,1466.503,1392.407
E07000225,Chichester,1139,1186,1210,1128,1214,1267,1215,1168,1243,1103,1104,1088.586,1134.122,1107.491,1065.674
E07000226,Crawley,1494,1603,1596,1721,1645,1714,1595,1629,1592,1597,1531,1515.339,1523.638,1524.203,1495.733
E07000227,Horsham,1486,1472,1513,1575,1546,1536,1494,1532,1465,1565,1615,1560.875,1552.069,1541.243,1518.975
E07000228,Mid Sussex,1697,1786,1729,1883,1905,1806,1743,1804,1801,1825,1792,1773.776,1746.679,1712.24,1683.28
E07000229,Worthing,1246,1332,1276,1234,1286,1259,1211,1174,1234,1151,1131,1141.489,1145.8,1082.519,1031.459
E07000234,Bromsgrove,1075,1004,1000,1042,1039,1089,1051,1090,1078,1093,1114,1127.626,1062.228,1086.913,1018.324
E07000235,Malvern Hills,667,723,706,707,693,758,710,715,714,682,690,672.207,676.333,657.926,611.187
E07000236,Redditch,1135,1116,1094,1075,1118,1136,1060,1078,1083,1075,1006,982.032,985.125,933.164,954.742
E07000237,Worcester,1210,1258,1279,1232,1279,1263,1262,1159,1177,1130,1051,1052.26,1104.431,1014.347,946.515
E07000238,Wychavon,1149,1208,1200,1170,1265,1305,1413,1218,1280,1378,1339,1312.787,1331.586,1252.33,1309.559
E07000239,Wyre Forest,1100,1030,1049,1089,1111,1095,1116,1127,1071,1093,1040,1017.32,967.284,886.896,913.579
E07000240,,2008,2196,2141,2147,2215,2203,2069,1968,2005,1981,1886,1786.939,1787.679,1745.05,1667.131
E07000241,,1329,1377,1363,1438,1436,1529,1463,1479,1455,1385,1427,1368.539,1360.141,1336.873,1322.385
E07000242,,1618,1750,1685,1834,1851,1861,1667,1651,1693,1720,1765,1762.754,1643.718,1694.956,1662.169
E07000243,,1170,1175,1118,1233,1280,1243,1229,1184,1147,1183,1153,1143.544,1137.518,1084.644,1038.375
E07000244,East Suffolk,2570,2634,2552,2478,2567,2538,2419,2428,2426,2345,2302,2303.827,2184.313,2128.366,2019.627
E07000245,West Suffolk,2054,2119,2106,2119,2270,2220,2176,2085,2056,2103,2013,1944.672,1963.223,1856.496,1772.381
E07000246,Somerset West and Taunton,1595,1501,1569,1538,1653,1689,1565,1659,1541,1623,1486,1551.105,1477.46,1487.12,1473.297
E08000001,Bolton,3690,3775,3818,3971,3979,4131,3985,3975,3941,3933,3836,3701.035,3696.512,3831.886,3550.089
E08000002,Bury,2331,2543,2437,2485,2606,2589,2538,2445,2436,2433,2273,2261.651,2326.244,2251.174,2163.653
E08000003,Manchester,6845,7141,7098,7372,7448,7757,7540,7388,7436,7238,7068,6696.38,6736.934,6733.883,6304.404
E08000004,Oldham,3295,3412,3336,3394,3445,3434,3538,3429,3503,3411,3361,3287.503,3295.582,3220.381,3132.851
E08000005,Rochdale,2943,2962,2900,2994,3061,3076,3063,2976,3022,3062,3017,2898.715,2935.871,2917.395,2783.376
E08000006,Salford,3092,3209,3145,3274,3485,3376,3430,3352,3266,3518,3309,3338.637,3446.781,3413.668,3296.613
E08000007,Stockport,3529,3545,3484,3465,3601,3635,3612,3625,3534,3634,3459,3381.309,3303.719,3297.216,3248.827
E08000008,Tameside,2678,2906,2800,3038,3016,2974,2989,2892,2836,2864,2804,2772.453,2773.323,2613.094,2515.85
E08000009,Trafford,2986,3064,3086,3076,3264,3202,3031,3122,2950,3132,2966,2809.967,2866.385,2649.483,2593.769
E08000010,Wigan,3802,3967,3890,3952,3948,3894,3745,3726,3733,3751,3724,3662.406,3522.222,3386.401,3452.017
E08000011,Knowsley,1782,1814,1826,1837,1944,1906,1847,1840,2018,1972,2010,1979.13,1960.947,1903.264,1815.787
E08000012,Liverpool,5034,5129,5184,5068,5343,5663,5391,5450,5587,5459,5399,5275.095,5124.006,4868.86,4751.021
E08000013,St. Helens,1965,2084,2083,2132,2084,2210,2054,2053,2016,2022,2079,1948.895,1936.051,1836.139,1844.021
E08000014,Sefton,2940,2914,2872,3027,3040,2967,3004,3069,2901,2976,2875,2764.542,2802.606,2698.396,2623.921
E08000015,Wirral,3759,3794,3716,3760,3827,4086,3743,3696,3580,3671,3452,3382.99,3322.995,3175.623,3065.534
E08000016,Barnsley,2730,2822,2743,2865,2927,3013,2953,2742,2829,2765,2844,2696.58,2647.65,2687.153,2473.984
E08000017,Doncaster,3738,3860,3915,3768,3806,3773,3677,3591,3532,3503,3371,3369.184,3359.513,3390.004,3192.841
E08000018,Rotherham,3098,3259,3253,3238,3258,3320,3229,3196,3042,3207,3087,2968.512,2933.73,2867.877,2803.739
E08000019,Sheffield,6670,6728,6749,6710,6579,6737,6502,6332,6320,6404,6282,6091.956,5930.689,5823.331,5482.705
E08000021,Newcastle upon Tyne,3079,3322,3292,3435,3497,3393,3421,3335,3227,3402,3235,3191.899,3132.449,3034.043,2983.267
E08000022,North Tyneside,2229,2396,2345,2372,2354,2308,2299,2401,2292,2384,2271,2291.266,2342.84,2073.883,2010.749
E08000023,South Tyneside,1606,1634,1675,1664,1663,1731,1658,1670,1626,1788,1640,1614.793,1558.121,1463.165,1545.821
E08000024,Sunderland,3124,3146,3007,3056,3072,3351,3008,2945,2939,2999,2966,2818.184,2706.29,2623.622,2636.631
E08000025,Birmingham,15895,16519,16756,16342,16887,17266,17058,16662,16270,16067,15770,14981.263,14749.103,14409.902,13837.105
E08000026,Coventry,4239,4435,4391,4601,4706,4736,4502,4405,4357,4253,4176,4073.135,4090.823,3927.82,3782.011
E08000027,Dudley,3660,3829,3749,3896,3907,3997,4031,3964,3745,3832,3814,3757.349,3616.76,3530.549,3492.356
E08000028,Sandwell,4320,4691,4684,4565,4666,5058,5138,4693,4675,4845,4642,4464.59,4431.96,4368.12,4190.428
E08000029,Solihull,2447,2430,2403,2489,2608,2770,2533,2598,2576,2629,2496,2515.159,2465.794,2418.288,2272.266
E08000030,Walsall,3541,3690,3753,3669,3811,3923,3824,3884,3857,3914,3718,3748.134,3631.302,3638.565,3384.032
E08000031,Wolverhampton,3170,3390,3257,3437,3585,3596,3460,3582,3431,3517,3375,3306.818,3231.397,3164.752,3084.989
E08000032,Bradford,8016,8225,8247,8293,8069,8256,7899,7955,7927,7836,7557,7124.84,7374.836,7022.734,6555.337
E08000033,Calderdale,2530,2627,2575,2662,2614,2707,2685,2479,2558,2459,2379,2362.888,2198.575,2246.578,2113.678
E08000034,Kirklees,5543,5743,5632,5570,5896,5691,5644,5435,5462,5346,5293,5083.817,4941.804,4939.107,4687.589
E08000035,Leeds,9087,9336,9678,10060,9948,10315,10073,9871,9947,9982,9694,9509.709,9290.052,9032.66,8534.327
E08000036,Wakefield,3796,3855,3955,3999,4060,4164,4186,4101,4083,4212,4093,3975.93,3999.436,3942.582,3797.804
E08000037,,2316,2216,2413,2330,2422,2282,2193,2249,2251,2161,2174,1997.805,2025.134,1902.459,1918.438
E09000001,City of London,34,36,31,37,29,18,24,30,31,32,45,33.033,31.716,26.875,20.752
E09000002,Barking and Dagenham,3708,3829,3860,3849,3871,4034,3961,3740,3608,3757,3664,3518.793,3394.738,3360.992,3173.715
E09000003,Barnet,5041,5241,5182,5241,5304,5398,5066,5027,4940,5019,4916,4821.588,4652.123,4634.207,4395.197
E09000004,Bexley,3038,3242,3045,3165,3331,3354,3112,3185,3085,3220,3080,3086.426,3005.505,2966.551,2825.879
E09000005,Brent,4244,4232,4348,4237,4347,4589,4320,4200,4189,4201,3945,3818.268,3685.188,3756.175,3371.526
E09000006,Bromley,4005,4114,4137,4331,4262,4396,4249,4171,4141,4217,4061,3899.238,3800.516,3803.612,3631.583
E09000007,Camden,2384,2434,2291,2335,2284,2251,2158,2086,2009,2104,1950,1865.207,1800.634,1706.535,1677.172
E09000008,Croydon,5460,5644,5463,5473,5569,5480,5286,5165,5165,5149,4981,4868.38,4704.693,4696.483,4497.24
E09000009,Ealing,4751,5049,4845,4980,5048,5074,4956,4619,4499,4368,4260,4202.895,4161.709,3986.282,3801.509
E09000010,Enfield,4773,5042,4943,4947,5092,4990,4817,4573,4588,4690,4498,4352.639,4157.611,4122.369,3660.673
E09000011,Greenwich,3890,4122,4055,3979,4032,4158,4199,3977,4038,3946,3741,3658.097,3540.996,3516.834,3323.122
E09000012,Hackney,3532,3546,3488,3598,3610,3592,3587,3377,3361,3267,3079,2906.151,2875.792,2771.381,2739.174
E09000013,Hammersmith and Fulham,2165,2011,2058,2011,1988,2000,1940,1885,1816,1888,1776,1612.224,1607.675,1475.423,1473.492
E09000014,Haringey,3354,3511,3370,3409,3302,3332,3244,3199,3120,3178,2848,2830.582,2761.084,2704.345,2578.17
E09000015,Harrow,3108,3318,3246,3362,3330,3473,3380,3290,3226,3288,3177,3138.501,3031.289,3060.092,2811.461
E09000016,Havering,2772,2887,2948,2940,3094,3371,3313,3312,3353,3552,3400,3348.313,3408.689,3240.85,3159.083
E09000017,Hillingdon,3808,4087,4098,4179,4246,4397,4218,4287,4299,4186,4066,3946.518,3856.538,3786.231,3705.852
E09000018,Hounslow,3601,3937,3830,3861,4109,4271,4038,3854,3919,3964,3677,3598.401,3498.875,3463.709,3240.87
E09000019,Islington,2247,2262,2150,2200,2230,2251,2194,2153,2078,2140,2102,2044.415,1992.976,1865.762,1903.409
E09000020,Kensington and Chelsea,1749,1605,1562,1520,1451,1487,1373,1331,1329,1277,1257,1070.035,1106.949,939.131,942.549
E09000021,Kingston upon Thames,2078,2196,2243,2194,2286,2219,2164,2099,2174,2093,1998,1943.624,1876.287,1791.809,1713.467
E09000022,Lambeth,3762,3742,3762,3631,3504,3582,3469,3294,3269,3097,2939,2776.585,2703.296,2579.062,2437.475
E09000023,Lewisham,4048,4243,4094,4213,4274,4180,4118,3941,3933,3903,3682,3636.585,3517.656,3513.009,3237.489
E09000024,Merton,2790,2847,2768,2993,2961,3042,2907,2795,2729,2860,2595,2629.526,2563.379,2505.383,2363.342
E09000025,Newham,4743,5018,4918,4916,5099,5416,5155,5143,4785,4894,4674,4680.7,4617.006,4497.073,4280.036
E09000026,Redbridge,4239,4403,4400,4458,4421,4709,4426,4314,4419,4434,4285,4281.671,4186.634,4126.792,3968.577
E09000027,Richmond upon Thames,2636,2794,2785,2955,2816,2825,2651,2567,2569,2525,2362,2257.12,2213.175,2101.237,2026.624
E09000028,Southwark,3805,3825,3703,3633,3810,3692,3670,3485,3436,3426,3135,2999.675,2946.216,2776.723,2535.342
E09000029,Sutton,2518,2603,2670,2746,2835,2974,2748,2737,2869,2743,2732,2581.182,2573.099,2532.022,2363.508
E09000030,Tower Hamlets,3478,3466,3547,3605,3527,3895,3814,3627,3630,3764,3767,3554.709,3424.871,3448.026,3362.415
E09000031,Waltham Forest,3995,3999,3954,3882,3891,4165,3908,3633,3784,3783,3578,3473.4,3564.909,3472.731,3277.949
E09000032,Wandsworth,3767,3648,3759,3814,3819,3926,3788,3719,3765,3551,3491,3310.272,3250.31,3085.728,3032.68
E09000033,Westminster,2242,2229,2211,2106,2072,1966,1778,1757,1720,1732,1616,1509.73,1438.531,1328.501,1285.368
W06000001,Isle of Anglesey,729,807,789,789,836,815,798,762,702,733,704,695.146,608.858,603.661,593.487
W06000002,Gwynedd,1392,1320,1344,1352,1276,1357,1252,1220,1139,1246,1099,1156.549,1027.893,1037.767,983.482
W06000003,Conwy,1161,1168,1187,1204,1194,1199,1167,1116,1121,1096,1080,1053.043,993.142,1003.142,935.384
W06000004,Denbighshire,1011,1114,1075,1129,1185,1028,1045,1060,1062,1016,1006,954.536,954.068,966.637,909.237
W06000005,Flintshire,1843,1954,1783,1919,1821,1763,1717,1682,1632,1632,1640,1554.448,1497.788,1478.71,1458.106
W06000006,Wrexham,1732,1746,1750,1758,1779,1703,1692,1590,1571,1497,1500,1434.556,1353.894,1354.092,1240.992
W06000008,Ceredigion,711,669,627,696,733,645,645,620,661,615,563,572.542,551.428,531.823,505.304
W06000009,Pembrokeshire,1319,1405,1334,1350,1398,1375,1272,1265,1280,1246,1225,1203.009,1116.513,1108.044,1056.127
W06000010,Carmarthenshire,2089,2132,2013,2090,2155,2098,1995,1950,1944,2021,1935,1905.024,1842.057,1749.341,1688.262
W06000011,Swansea,2555,2726,2584,2615,2683,2781,2642,2453,2549,2560,2382,2455.357,2322.692,2234.916,2079.489
W06000012,Neath Port Talbot,1518,1574,1524,1556,1587,1643,1491,1552,1553,1571,1506,1500.033,1423.417,1322.293,1287.555
W06000013,Bridgend,1568,1571,1547,1583,1746,1721,1627,1669,1560,1621,1578,1534.833,1506.282,1382.907,1412.646
W06000014,Vale of Glamorgan,1507,1567,1525,1526,1486,1569,1460,1469,1513,1492,1558,1446.792,1383.327,1338.583,1345.738
W06000015,Cardiff,4193,4395,4426,4463,4583,4565,4316,4282,4219,4343,3962,3843.941,3781.181,3636.619,3452.715
W06000016,Rhondda Cynon Taf,2755,2862,2981,2878,2980,2892,2866,2800,2752,2784,2581,2569.41,2546.05,2436.457,2267.987
W06000018,Caerphilly,2232,2281,2234,2245,2185,2130,2094,2077,2086,2070,1993,1952.847,1808.565,1781.635,1606.689
W06000019,Blaenau Gwent,739,810,800,815,776,732,788,777,735,730,682,705.576,717.601,700.857,615.367
W06000020,Torfaen,1054,1062,1099,1117,1129,1088,1090,1069,997,1092,1072,1032.781,1020.473,979.288,941.653
W06000021,Monmouthshire,989,954,983,906,957,923,925,865,890,879,877,834.064,802.377,802.126,805.374
W06000022,Newport,1805,1956,1919,1941,1986,1910,2018,1973,2119,2159,2001,1949.439,2004.342,1938.725,1869.746
W06000023,Powys,1322,1404,1314,1308,1375,1234,1290,1246,1236,1230,1204,1254.71,1175.568,1125.25,1084.932
W06000024,Merthyr Tydfil,698,767,725,699,731,765,734,704,766,721,738,678.227,654.885,623.371,594.869
